munid,name,scan_date,status,error,target_url
ADDINGTON HIGHLANDS TP,ADDINGTON HIGHLANDS,2026-05-25,scanned_html,,https://addingtonhighlands.civicweb.net/filepro/documents/5341
ADELAIDE METCALFE TP,ADELAIDE METCALFE,2026-05-25,scanned_html,,https://pub-adelaidemetcalfe.escribemeetings.com/
ADJALA TOSORONTIO TP,ADJALA TOSORONTIO,2026-05-25,scanned_html,,https://adjala-tosorontio.civicweb.net/filepro/documents/4448
ADMASTON BROMLEY TP,ADMASTON BROMLEY,2026-05-25,scanned_pdf,,https://admastonbromley.com/wp-content/uploads/2025/12/2026-01-05-Resume-Planning-Committee-Agenda-Complete-Agenda-Reduced.pdf
AJAX TP,AJAX,2026-05-25,scanned_pdf,,https://www.ajax.ca/en/inside-townhall/resources/Meeting-Schedule/2026-Meeting-Schedule.pdf
ALBERTON TP,ALBERTON,2026-05-25,scanned_pdf,,https://alberton.ca/wp-content/uploads/2026/04/April-16-2026-Agenda.pdf
ALFRED AND PLANTAGENET TP,ALFRED AND PLANTAGENET,2026-05-25,scanned_pdf,,https://pub-alfred-plantagenet.escribemeetings.com:443/FileStream.ashx?DocumentId=4152
ALGONQUIN HIGHLANDS TP,ALGONQUIN HIGHLANDS,2026-05-25,scanned_pdf,,https://www.algonquinhighlands.ca/media/yaeoxiyt/2020-03_sewage_system_permit_application_package-acc.pdf
ALNWICK HALDIMAND TP,ALNWICK HALDIMAND,2026-05-25,scanned_html,,https://alnwickhaldimand.civicweb.net/filepro/documents/155534
AMARANTH TP,AMARANTH,2026-05-25,scanned_pdf,,https://www.amo.on.ca/sites/default/files/assets/DOCUMENTS/Pre-Budget%20Submissions/2024/Pre-Budget_Submission_V7.pdf
AMHERSTBURG TP,AMHERSTBURG,2026-05-25,scanned_pdf,,https://www.amherstburg.ca/media/nz3bzt3n/2023-12-05-delegation-request-form-revised-rm.pdf
ARMOUR TP,ARMOUR,2026-05-25,scanned_pdf,,https://irp.cdn-website.com/20e551fd/files/uploaded/1.+January+13+2026+Council+Agenda+Package-01f1d036.pdf
ARMSTRONG TP,ARMSTRONG,2026-05-25,error,"HTTPSConnectionPool(host='stclair.civicweb.net', port=443): Max retries exceeded with url: /Portal/ (Caused by NameResolutionError(""<urllib3.connection.HTTPSConnection object at 0x00000260A3CC2E10>: Failed to resolve 'stclair.civicweb.net' ([Errno 11001] getaddrinfo failed)""))",https://stclair.civicweb.net/Portal/
ARNPRIOR TP,ARNPRIOR,2026-05-25,scanned_pdf,,https://www.arnprior.ca/en/town-hall/resources/Documents/By-Laws/Council-Code-of-Conduct.pdf
ARRAN ELDERSLIE M,ARRAN ELDERSLIE,2026-05-25,scanned_pdf,,https://www.arran-elderslie.ca/media/q0upxiuc/april-12-2021-council-minutes.pdf
ASHFIELD COLBORNE WAWANOSH TP,ASHFIELD COLBORNE WAWANOSH,2026-05-25,scanned_pdf,,http://www.acwtownship.ca/content/residents/news/april-2026.pdf
ASPHODEL NORWOOD TP,ASPHODEL NORWOOD,2026-05-25,scanned_pdf,,https://www.antownship.ca/media/lmkhfsi0/2026-council-meeting-and-office-closure-calendar.pdf
ASSIGINACK TP,ASSIGINACK,2026-05-25,scanned_html,,https://pub-assiginack.escribemeetings.com/
ATHENS TP,ATHENS,2026-05-25,scanned_pdf,,https://athenstownship.ca/wp-content/uploads/2026/04/2026-Candidates-Guide.pdf
ATIKOKAN TP,ATIKOKAN,2026-05-25,scanned_html,,https://atikokan.civicweb.net/filepro/documents/191
AUGUSTA TP,AUGUSTA,2026-05-25,scanned_pdf,,https://augusta.ca/wp-content/uploads/2025-09-08-EDTAC-Agenda-1.pdf
AURORA TP,AURORA,2026-05-25,scanned_pdf,,https://www.aurora.ca/media/cjkp2zwv/deputymayorrotation-2022-2026-revmar2024.pdf
AYLMER TP,AYLMER,2026-05-25,scanned_html,,https://aylmer.civicweb.net/filepro/documents/7
BALDWIN TP,BALDWIN,2026-05-25,scanned_pdf,,https://baldwin.ca/wp-content/uploads/2025/12/2025-003-Hall-Rental-Agreement-Form-With-Pricing.pdf
BANCROFT TP,BANCROFT,2026-05-25,scanned_pdf,,https://www.bancroft.ca/UserFiles/Servers/Server_12235685/Image/Business/Clerk/2025-83 SCHEDULE OF FEES (002).pdf
BARRIE C,BARRIE,2026-05-25,scanned_html,,https://barrie.legistar.com/View.ashx?M=IC&ID=1408065&GUID=3811EE4B-BDA0-49C7-B11E-35E21591F7FB
BAYHAM M,BAYHAM,2026-05-25,scanned_html,,https://laserfiche.bayham.on.ca/WebLink/ElectronicFile.aspx?id=471778&dbid=0&repo=BAYHAM
BECKWITH TP,BECKWITH,2026-05-25,scanned_html,,https://beckwith.civicweb.net/filepro/documents/95
BELLEVILLE C,BELLEVILLE,2026-05-25,error,404 Client Error: Not Found for url: https://www.belleville.ca/en/city-hall/resources/Documents/2020-Grant-Committee-Terms-of-Reference.pdf,https://www.belleville.ca/en/city-hall/resources/Documents/2020-Grant-Committee-Terms-of-Reference.pdf
BILLINGS TP,BILLINGS,2026-05-25,no_url_in_registry,,
BLACK RIVER MATHESON TP,BLACK RIVER MATHESON,2026-05-25,scanned_html,,http://www.twpbrm.ca/your-township-government/agendas-minutes-and-recordings/
BLANDFORD BLENHEIM TP,BLANDFORD BLENHEIM,2026-05-25,scanned_pdf,,https://pub-blandfordblenheim.escribemeetings.com/FileStream.ashx?DocumentId=1186
BLIND RIVER T,BLIND RIVER,2026-05-25,scanned_pdf,,https://www.blindriver.ca/media/xmfnhphh/municipal-freedom.pdf
BLUEWATER M,BLUEWATER,2026-05-25,scanned_pdf,,https://www.municipalityofbluewater.ca/media/ganbbzut/20260227-cs-2026-council-meeting-dates-for-website-acc.pdf
BONFIELD TP,BONFIELD,2026-05-25,error,"HTTPConnectionPool(host='events.bonfieldtownship.com', port=80): Read timed out. (read timeout=15)","http://events.bonfieldtownship.com/FileManager/Township%20of%20Bonfield/75b4c6b9-eec3-4e50-9987-b43601270272/Content/April 28, 2026 - full agenda.pdf"
BONNECHERE VALLEY TP,BONNECHERE VALLEY,2026-05-25,scanned_pdf,,https://www.bonnecherevalleytwp.com/download.php?dl=YToyOntzOjI6ImlkIjtzOjQ6IjM4MTYiO3M6Mzoia2V5IjtpOjc7fQ==
BRACEBRIDGE TP,BRACEBRIDGE,2026-05-25,scanned_html,,https://bracebridge.civicweb.net/filepro/documents/11
BRADFORD WEST GWILLIMBURY TP,BRADFORD WEST GWILLIMBURY,2026-05-25,error,"HTTPSConnectionPool(host='westgrey.civicweb.net', port=443): Max retries exceeded with url: /Portal/ (Caused by NameResolutionError(""<urllib3.connection.HTTPSConnection object at 0x00000261BEAF6CD0>: Failed to resolve 'westgrey.civicweb.net' ([Errno 11001] getaddrinfo failed)""))",https://westgrey.civicweb.net/Portal/
BRAMPTON C,BRAMPTON,2026-05-25,scanned_pdf,,https://pub-brampton.escribemeetings.com/FileStream.ashx?DocumentId=165394
BRANT,BRANT,2026-05-25,scanned_pdf,,https://pub-brant.escribemeetings.com/FileStream.ashx?DocumentId=75269
BRANTFORD C,BRANTFORD,2026-05-25,scanned_pdf,,https://www.brantford.ca/en/your-government/resources/Documents/Delegation-Request-Form-Fillable.pdf
BRETHOUR TP,BRETHOUR,2026-05-25,scanned_html,,https://sports-inter.com/
BRIGHTON M,BRIGHTON,2026-05-25,scanned_pdf,,https://brighton.civicweb.net/document/177260/2025%20Council%20and%20Planning%20Mtg%20Schedule.pdf
BROCK TP,BROCK,2026-05-25,scanned_html,,https://pub-townshipofbrock.escribemeetings.com/
BROCKTON M,BROCKTON,2026-05-25,scanned_html,,https://pub-brockton.escribemeetings.com:443/meetingscalendarview.aspx?Expanded=Council+Meeting
BROCKVILLE C,BROCKVILLE,2026-05-25,scanned_html,,https://brockville.civicweb.net/filepro/documents/7
BROOKE ALVINSTON M,BROOKE ALVINSTON,2026-05-25,scanned_pdf,,https://brookealvinston.com/wp-content/uploads/2025/12/Regular-December-11-2025.pdf
BRUCE MINES T,BRUCE MINES,2026-05-25,scanned_pdf,,https://brucemines.ca/documents/assets/uploads/files/en/april_13_2026__addendum.pdf
BRUDENELL LYNDOCH AND RAGLAN TP,BRUDENELL LYNDOCH AND RAGLAN,2026-05-25,scanned_pdf,,https://blrtownship.ca/wp-content/uploads/2026/04/April-9th-2026-Special-Meeting.pdf
BURK TMS FALLS TP,BURK TMS FALLS,2026-05-25,scanned_pdf,,https://irp.cdn-website.com/55929d1f/files/uploaded/05-2025_Rules_Proceedings_of_Council.pdf
BURLINGTON C,BURLINGTON C,2026-05-25,scanned_pdf,,https://www.burlington.ca/en/by-laws-and-animal-services/resources/By-laws/By-law-Search/Consolidated-By-laws/Consolidated-Procedure-By-law-059-2024.pdf
BURPEE AND MILLS TP,BURPEE AND MILLS TP,2026-05-25,error,"HTTPSConnectionPool(host='www.burpeemills.com', port=443): Read timed out. (read timeout=15)",https://www.burpeemills.com/app/download/13290954587/summer+student+ad.pdf?t=1776956372
CALEDON TP,CALEDON TP,2026-05-25,scanned_html,,https://pub-caledon.escribemeetings.com/
CALLANDER M,CALLANDER M,2026-05-25,scanned_pdf,,https://callander.civicweb.net/FileStorage/F363E7E1EE3D44B5980FF98388DD6080-FoodCycler%20Municipal%20Solutions_2025.pdf
CALVIN M,CALVIN M,2026-05-25,scanned_pdf,,https://calvintownship.ca/uploads/November%2025%20Approved%20Minutes.pdf
CAMBRIDGE C,CAMBRIDGE C,2026-05-25,scanned_html,,https://pub-cambridge.escribemeetings.com/
CARLETON PLACE TP,CARLETON PLACE TP,2026-05-25,scanned_pdf,,https://pub-carletonplace.escribemeetings.com:443/FileStream.ashx?DocumentId=16725
CARLING TP,CARLING TP,2026-05-25,scanned_pdf,,https://muniserv.ca/wp-content/uploads/muniServ-Media-Kit.pdf
CARLOW MAYO TP,CARLOW MAYO TP,2026-05-25,scanned_html,,https://carlowmayo.civicweb.net/Portal/
CASEY TP,CASEY TP,2026-05-25,scanned_pdf,,https://casey.ca/wp-content/uploads/2026/04/1.-Adoption-of-Agenda.pdf
CASSELMAN M,CASSELMAN M,2026-05-25,scanned_pdf,,https://pub-casselman.escribemeetings.com/FileStream.ashx?DocumentId=1112
CAVAN MONAGHAN TP,CAVAN MONAGHAN TP,2026-05-25,scanned_pdf,,https://www.cavanmonaghan.net/media/1w0ao1zd/2026-meeting-schedule.pdf
CENTER WELLINGTON TP,CENTER WELLINGTON TP,2026-05-25,scanned_pdf,,https://www.centrewellington.ca/media/bvijxxru/2026-council-committee-meeting-schedule.pdf
CENTRAL ELGIN M,CENTRAL ELGIN M,2026-05-25,scanned_pdf,,https://centralelgin.civicweb.net/filepro/document/129269/Regular Meeting of Council - 16 Dec 2024 - Agenda - Pdf.pdf
CENTRAL FRONTENAC TP,CENTRAL FRONTENAC TP,2026-05-25,error,404 Client Error: Not Found for url: https://www.centralfrontenac.com/en/township-office/resources/treasury/2025-INTERIM-TAX-INSERT.pdf,https://www.centralfrontenac.com/en/township-office/resources/treasury/2025-INTERIM-TAX-INSERT.pdf
CENTRAL HURON M,CENTRAL HURON M,2026-05-25,error,404 Client Error: Not Found for url: https://www.centralhuron.ca/en/your-municipal-government/resources/2026-Council-Schedule---Accessible.pdf,https://www.centralhuron.ca/en/your-municipal-government/resources/2026-Council-Schedule---Accessible.pdf
CENTRAL MANITOULIN M,CENTRAL MANITOULIN M,2026-05-25,scanned_pdf,,https://www.centralmanitoulin.ca/media/xirlffaq/council_agenda_2023_09_18.pdf
CENTRE HASTINGS M,CENTRE HASTINGS M,2026-05-25,error,"HTTPSConnectionPool(host='stclair.civicweb.net', port=443): Max retries exceeded with url: /Portal/ (Caused by NameResolutionError(""<urllib3.connection.HTTPSConnection object at 0x00000261A5249650>: Failed to resolve 'stclair.civicweb.net' ([Errno 11001] getaddrinfo failed)""))",https://stclair.civicweb.net/Portal/
CHAMBERLAIN TP,CHAMBERLAIN TP,2026-05-25,scanned_html,,https://www.chamberlain.com/ca
CHAMPLAIN TP,CHAMPLAIN TP,2026-05-25,scanned_pdf,,https://pub-champlain.escribemeetings.com:443/FileStream.ashx?DocumentId=13673
CHAPLEAU TP,CHAPLEAU TP,2026-05-25,scanned_pdf,,https://www.chapleau.ca/UploadedFiles/files/2026%20Schedule%20of%20Regular%20Meetings%20of%20Council%2C%20Office%20Hours%20and%20closings.pdf
CHAPPLE TP,CHAPPLE TP,2026-05-25,scanned_html,,https://chapple.civicweb.net/filepro/documents/4239
CHARLTON AND DACK M,CHARLTON AND DACK M,2026-05-25,scanned_pdf,,https://cdn.charltonafc.com/sites/default/files/2026-03/2026%3A27%20Season%20Ticket%20FAQs.pdf
CHATHAM KENT M,CHATHAM KENT M,2026-05-25,scanned_pdf,,https://www.chatham-kent.ca/services/digitalresources/Documents/End of Life Computer Request Form 2019 Accessible.pdf
CHATSWORTH TP,CHATSWORTH TP,2026-05-25,scanned_pdf,,https://chatsworth.ca/wp-content/uploads/2025/08/16-May-3-2023-1.pdf
CHISHOLM TP,CHISHOLM TP,2026-05-25,scanned_pdf,,"https://www.chisholm.ca/uploads/documents/Elections/Agenda Package April 8, 2026.pdf"
CLARENCE ROCKLAND C,CLARENCE ROCKLAND C,2026-05-25,scanned_pdf,,https://cr-pub.escribemeetings.com/FileStream.ashx?DocumentId=15277
CLARINGTON M,CLARINGTON M,2026-05-25,error,404 Client Error: Not Found for url: https://pub-clarington.escribemeetings.com/FileStream.ashx?DocumentId=62486,https://pub-clarington.escribemeetings.com/FileStream.ashx?DocumentId=62486
CLEARVIEW TP,CLEARVIEW TP,2026-05-25,scanned_html,,https://www.clearview.ca/government-committees/council/agenda-minutes
COBALT TP,COBALT TP,2026-05-25,scanned_pdf,,https://cobalt.ca/wp-content/uploads/2026/04/Agenda-Package-April-28-2026.pdf
COBOURG TP,COBOURG TP,2026-05-25,scanned_pdf,,https://www.cobourg.ca/media/f12f5iia/request-form-for-closed-meeting-investigation.pdf
COCHRANE TP,COCHRANE TP,2026-05-25,scanned_pdf,,https://www.cochrane.ca/sites/default/files/2026-04/Regular%20Council%20Meeting%20Highlights%20-%20April%2020%2C%202026.pdf
COCKBURN ISLAND TP,COCKBURN ISLAND TP,2026-05-25,scanned_pdf,,https://cockburnisland.ca/docs/2025/FinancialStatement-2023.pdf
COLEMAN TP,COLEMAN TP,2026-05-25,scanned_pdf,,https://ombudsman-ontario.prod.opwebops.dev/sites/default/files/documents/Ombudsman%20Ontario-Coleman-March%202026-Report-accessible.pdf
COLLINGWOOD TP,COLLINGWOOD TP,2026-05-25,scanned_pdf,,https://pub-collingwood.escribemeetings.com/FileStream.ashx?DocumentId=9319
CONMEE TP,CONMEE TP,2026-05-25,scanned_pdf,,https://www.conmee.com/Home/DownloadMeeting/c571e902-5fb1-4c53-b9bb-97d0679e06db?isEnglish=True
CORNWALL C,CORNWALL C,2026-05-25,scanned_pdf,,https://choosecornwall.ca/wp-content/uploads/2018/06/Cornwall-Business-Directory.pdf
CRAMAHE TP,CRAMAHE TP,2026-05-25,scanned_pdf,,https://pub-cramahe.escribemeetings.com/FileStream.ashx?DocumentId=33025
DAWN EUPHEMIA TP,DAWN EUPHEMIA TP,2026-05-25,scanned_pdf,,https://dawneuphemia.ca/wp-content/uploads/2025/10/Council-Meetings-2026.pdf
DAWSON TP,DAWSON TP,2026-05-25,scanned_pdf,,https://www.dawsontownship.ca/wp-content/uploads/2023/02/dawson_council_minutes_may_2_2012-1.pdf
DEEP RIVER TP,DEEP RIVER TP,2026-05-25,scanned_html,,https://deepriver.civicweb.net/filepro/documents/32369
DESERONTO TP,DESERONTO TP,2026-05-25,scanned_pdf,,https://www.deseronto.ca/s/Minutes-November-22-2023.pdf
DORION TP,DORION TP,2026-05-25,scanned_pdf,,https://doriontownship.ca/application/files/4517/6460/6066/AGENDA_-18-NOVEMBER-2025.pdf
DOURO DUMMER TP,DOURO DUMMER TP,2026-05-25,scanned_pdf,,https://pub-douro-dummer.escribemeetings.com/FileStream.ashx?DocumentId=22799
DRUMMOND NORTH ELMSLEY TP,DRUMMOND NORTH ELMSLEY TP,2026-05-25,scanned_pdf,,https://drummondnorthelmsley.civicweb.net/filepro/document/66105/26-01-13 - Committee of the Whole Minutes (1).pdf
DRYDEN C,DRYDEN C,2026-05-25,scanned_pdf,,https://www.dryden.ca/media/fpnhiefz/closed-meeting-investigator-report-october-2018.pdf
DUBREUILVILLE TP,DUBREUILVILLE TP,2026-05-25,scanned_pdf,,https://dubreuilville.ca/wp-content/uploads/2026/04/2026-01-14-Minutes-1.pdf
DUTTON DUNWICH M,DUTTON DUNWICH M,2026-05-25,scanned_pdf,,https://www.duttondunwich.on.ca/public/download/files/270264
DYSART ET AL M,DYSART ET AL M,2026-05-25,scanned_pdf,,https://www.dysartetal.ca/media/0qyfgihg/wardmap.pdf
EAR FALLS TP,EAR FALLS TP,2026-05-25,scanned_pdf,,https://ear-falls.com/wp-content/uploads/2026/04/April-15-2026-Agenda-Proposed-Motions.pdf
EAST FERRIS M,EAST FERRIS M,2026-05-25,error,"HTTPSConnectionPool(host='stclair.civicweb.net', port=443): Max retries exceeded with url: /Portal/ (Caused by NameResolutionError(""<urllib3.connection.HTTPSConnection object at 0x00000260C3BCB910>: Failed to resolve 'stclair.civicweb.net' ([Errno 11001] getaddrinfo failed)""))",https://stclair.civicweb.net/Portal/
EAST GARAFRAXA TP,EAST GARAFRAXA TP,2026-05-25,error,"HTTPSConnectionPool(host='stclair.civicweb.net', port=443): Max retries exceeded with url: /Portal/ (Caused by NameResolutionError(""<urllib3.connection.HTTPSConnection object at 0x00000260F5638050>: Failed to resolve 'stclair.civicweb.net' ([Errno 11001] getaddrinfo failed)""))",https://stclair.civicweb.net/Portal/
EAST GWILLIMBURY TP,EAST GWILLIMBURY TP,2026-05-25,scanned_pdf,,https://www.eastgwillimbury.ca/en/By-law-and-Parking/Boulevard-Bylaw-By-Law-2016-119.pdf
EAST HAWKESBURY TP,EAST HAWKESBURY TP,2026-05-25,error,"HTTPSConnectionPool(host='stclair.civicweb.net', port=443): Max retries exceeded with url: /Portal/ (Caused by NameResolutionError(""<urllib3.connection.HTTPSConnection object at 0x000002611AB84E10>: Failed to resolve 'stclair.civicweb.net' ([Errno 11001] getaddrinfo failed)""))",https://stclair.civicweb.net/Portal/
EAST ZORRA TAVISTOCK TP,EAST ZORRA TAVISTOCK TP,2026-05-25,scanned_pdf,,https://www.zorra.ca/assets/documents/Special-Council-10-May-2022-Agenda-Pdf.pdf
EDWARDSBURGH CARDINAL TP,EDWARDSBURGH CARDINAL TP,2026-05-25,scanned_pdf,,https://pub-twpec.escribemeetings.com/FileStream.ashx?DocumentId=21046
ELIZABETHTOWN KITLEY TP,ELIZABETHTOWN KITLEY TP,2026-05-25,scanned_html,,https://elizabethtownkitley.civicweb.net/filepro/documents/3505
ELLIOT LAKE C,ELLIOT LAKE C,2026-05-25,scanned_html,,https://events.elliotlake.ca/council?_mid_=48276
EMO TP,EMO TP,2026-05-25,scanned_pdf,,https://emo.ca/wp-content/uploads/2025/06/11-June-11-2025-Regular-Council-Meeting-Agenda.pdf
ENGLEHART TP,ENGLEHART TP,2026-05-25,scanned_html,,https://englehart.civicweb.net/filepro/documents/35
ENNISKILLEN TP,ENNISKILLEN TP,2026-05-25,scanned_pdf,,https://www.enniskillen.ca/wp-content/uploads/2026/04/Agenda-Council-April-7-2026.pdf
ERIN TP,ERIN TP,2026-05-25,scanned_pdf,,https://pub-erin.escribemeetings.com/FileStream.ashx?DocumentId=18989
ESPANOLA TP,ESPANOLA TP,2026-05-25,scanned_pdf,,https://pub-espanola.escribemeetings.com/filestream.ashx?DocumentId=13816
ESSA TP,ESSA TP,2026-05-25,scanned_pdf,,https://calendar.essatownship.on.ca/default/Download?StartDate=04/01/2026&EndDate=04/30/2026
ESSEX TP,ESSEX TP,2026-05-25,scanned_pdf,,https://townofessex-pub.escribemeetings.com/FileStream.ashx?DocumentId=27453
EVANTUREL TP,EVANTUREL TP,2026-05-25,scanned_html,,https://evanturel.com/council/minutes-agendas/#mainContent
FARADAY TP,FARADAY TP,2026-05-25,scanned_html,,https://faraday.civicweb.net/filepro/documents/3669
FAUQUIER STRICKLAND TP,FAUQUIER STRICKLAND TP,2026-05-25,error,"HTTPSConnectionPool(host='stclair.civicweb.net', port=443): Max retries exceeded with url: /Portal/ (Caused by NameResolutionError(""<urllib3.connection.HTTPSConnection object at 0x000002611ABCCAD0>: Failed to resolve 'stclair.civicweb.net' ([Errno 11001] getaddrinfo failed)""))",https://stclair.civicweb.net/Portal/
FORT ERIE TP,FORT ERIE TP,2026-05-25,scanned_pdf,,https://pub-forterie.escribemeetings.com/FileStream.ashx?DocumentId=35553
FORT FRANCES TP,FORT FRANCES TP,2026-05-25,scanned_html,,https://fortfrances.civicweb.net/filepro/documents/148095
FRENCH RIVER M,FRENCH RIVER M,2026-05-25,scanned_html,,https://frenchriver.ca/p/council-minutes-agendas#downloadOurApp
FRONT OF YONGE TP,FRONT OF YONGE TP,2026-05-25,scanned_html,,https://zhidao.baidu.com/question/765412751504246844.html
FRONTENAC ISLANDS TP,FRONTENAC ISLANDS TP,2026-05-25,scanned_pdf,,https://frontenac.civicweb.net/FileStorage/60B9219B5EF1457E988EE5D7893B80D6-June%2012%20Meeting%20Minutes.pdf
GANANOQUE TP,GANANOQUE TP,2026-05-25,scanned_pdf,,https://s3.ca-central-1.amazonaws.com/gananoque.ca/s3fs-public/meetings/agendas/Agenda-Council-11-With Paperclips-22Apr2026_0.pdf
GAUTHIER TP,GAUTHIER TP,2026-05-25,scanned_pdf,,https://www.gauthierchrysler.com/GAUTHIER-2023-FORCED-LABOUR-AND-CHILD-LABOUR.pdf
GEORGIAN BAY TP,Georgian Bay,2026-05-25,scanned_pdf,,https://georgianbay.civicweb.net/document/238947
GEORGIAN BLUFFS TP,Georgian Bluffs,2026-05-25,scanned_html,,https://pub-georgianbluffs.escribemeetings.com/
GEORGINA T,Georgina,2026-05-25,scanned_pdf,,https://www.georgina.ca/sites/default/files/2026-01/2026-council-meeting-calendar-jan2026.pdf
GILLIES TP,Gillies,2026-05-25,scanned_html,,https://www.gilliestownship.com/en/our-government/agendas-and-minutes.aspx
GODERICH T,Goderich,2026-05-25,error,404 Client Error: Not Found for url: https://pub-goderich.escribemeetings.com/FileStream.ashx?DocumentId=61307,https://pub-goderich.escribemeetings.com/FileStream.ashx?DocumentId=61307
GORDON/BARRIE ISLAND M,Gordon/Barrie Island,2026-05-25,scanned_html,,https://www.gordonbarrieisland.ca/app/download/20089563825/Minutes+of+Council+Meeting+January+13+2026.docx?t=1771423303
GORE BAY T,Gore Bay,2026-05-25,scanned_pdf,,https://www.gorebay.ca/media/wrnlrtue/town-of-gore-bays-strategic-plan-2022-2027.pdf
GRAND VALLEY T,Grand Valley,2026-05-25,scanned_pdf,,https://www.townofgrandvalley.ca/media/kj3jlfeb/2024-10-procedural-by-law.pdf
GRAVENHURST T,Gravenhurst,2026-05-25,scanned_pdf,,https://www.gravenhurst.ca/media/ktpdg5it/follow-up-to-code-complaint-no-0120-may-14-2020.pdf
GREATER MADAWASKA TP,Greater Madawaska,2026-05-25,error,404 Client Error: Not Found for url: https://www.greatermadawaska.com/en/township-office/resources/Mayor-and-Council/Delegation-Information-Sheet-and-Request-Form.pdf,https://www.greatermadawaska.com/en/township-office/resources/Mayor-and-Council/Delegation-Information-Sheet-and-Request-Form.pdf
GREATER NAPANEE T,Greater Napanee,2026-05-25,scanned_pdf,,https://greaternapanee.civicweb.net/document/229941
GREATER SUDBURY C,Greater Sudbury,2026-05-25,scanned_pdf,,https://pub-greatersudbury.escribemeetings.com/FileStream.ashx?DocumentId=60198
GREENSTONE M,Greenstone,2026-05-25,scanned_pdf,,https://greenstone.civicweb.net/document/44644/By-Law%2020-09%20Appoint%20LAS%20Closed%20Meeting%20Investigator.pdf
GREY HIGHLANDS M,Grey Highlands,2026-05-25,scanned_pdf,,https://greyhighlands.civicweb.net/filepro/document/388562/Consolidated By-law No. 2024-097 - Procedure By-law - Pdf.pdf
GRIMSBY T,Grimsby,2026-05-25,scanned_html,,https://pub-grimsby.escribemeetings.com/
GUELPH C,Guelph,2026-05-25,scanned_html,,https://pub-guelph.escribemeetings.com/
GUELPH/ERAMOSA TP,Guelph/Eramosa,2026-05-25,error,404 Client Error: Not Found for url: https://www.get.on.ca/township-services/council/agendas-and-minutes,https://www.get.on.ca/township-services/council/agendas-and-minutes
HALDIMAND COUNTY,Haldimand County,2026-05-25,scanned_html,,https://pub-haldimandcounty.escribemeetings.com/
HALTON HILLS T,Halton Hills,2026-05-25,scanned_pdf,,https://haltonhills.ic12.esolg.ca/en/resourcesGeneral/Documents/PDF-Forms/WitnessStatementForm.pdf
HAMILTON C,Hamilton,2026-05-25,scanned_html,,https://pub-milton.escribemeetings.com/
HAMILTON TP,Hamilton,2026-05-25,scanned_html,,https://hamilton.civicweb.net/Portal/
HANOVER T,Hanover,2026-05-25,scanned_pdf,,https://pub-hanover.escribemeetings.com/FileStream.ashx?DocumentId=6534
HARLEY TP,Harley,2026-05-25,scanned_pdf,,https://harley.ca/wp-content/uploads/2024/01/December-12-2023.pdf
HARRIS TP,Harris,2026-05-25,scanned_pdf,,https://haliburton.civicweb.net/filepro/document/399376/BYLAW%204006%20Procedural%20Bylaw.pdf
HASTINGS HIGHLANDS M,Hastings Highlands,2026-05-25,error,"HTTPSConnectionPool(host='stclair.civicweb.net', port=443): Max retries exceeded with url: /Portal/ (Caused by NameResolutionError(""<urllib3.connection.HTTPSConnection object at 0x00000261A4BEDE90>: Failed to resolve 'stclair.civicweb.net' ([Errno 11001] getaddrinfo failed)""))",https://stclair.civicweb.net/Portal/
HAVELOCK BELMONT METHUEN TP,HAVELOCK BELMONT METHUEN,2026-05-25,scanned_pdf,,https://www.hbmtwp.ca/media/id3jvbyv/privacy-policy-township-of-hbm.pdf
HAWKESBURY T,HAWKESBURY,2026-05-25,scanned_pdf,,https://pub-hawkesbury.escribemeetings.com/FileStream.ashx?DocumentId=669
HEAD CLARA AND MARIA TP,HEAD CLARA AND MARIA,2026-05-25,scanned_pdf,,https://townshipsofheadclaramaria.ca/userfiles/file/Committee%20of%20the%20Whole%20Terms%20of%20Reference%20-%20Final.pdf
HEARST T,HEARST,2026-05-25,scanned_pdf,,http://www.hearst.ca/wp-content/uploads/2025/12/By-law-79-2025.pdf
HIGHLANDS EAST M,HIGHLANDS EAST,2026-05-25,error,"HTTPSConnectionPool(host='stclair.civicweb.net', port=443): Max retries exceeded with url: /Portal/ (Caused by NameResolutionError(""<urllib3.connection.HTTPSConnection object at 0x00000261C5A18950>: Failed to resolve 'stclair.civicweb.net' ([Errno 11001] getaddrinfo failed)""))",https://stclair.civicweb.net/Portal/
HILLIARD TP,HILLIARD,2026-05-25,scanned_pdf,,https://townshipofhilliard.ca/wp-content/uploads/2026/04/agenda-2026-04-15.pdf
HILTON BEACH V,HILTON BEACH,2026-05-25,scanned_pdf,,https://hiltonbeach.com/wp-content/uploads/sites/3/2026/03/Agenda-March-11-2026.pdf
HILTON TP,HILTON,2026-05-25,scanned_pdf,,https://www.hiltontownship.ca/wp-content/uploads/2025/12/December-10-2025-Agenda-Package.pdf
HORNEPAYNE TP,HORNEPAYNE,2026-05-25,scanned_pdf,,https://www.hornepayne.ca/media/ve5bhply/deputation-presentation-request-form.pdf
HORTON TP,HORTON,2026-05-25,scanned_pdf,,https://www.sdgcounties.ca/sites/default/files/2026-04/5-Minute%20Gazette%20-%20April%2020%20%281%29.pdf
HOWICK TP,HOWICK,2026-05-25,scanned_pdf,,https://howick.nyc3.cdn.digitaloceanspaces.com/Agendas-Minutes/April-21-2026-Council-Agenda-Package-Compressed_2026-04-21-181945_jfpk.pdf
]HUDSON TP,HUDSON,2026-05-25,scanned_html,,https://www.microsoft.com/silverlight/downloads.aspx
HUNTSVILLE T,HUNTSVILLE,2026-05-25,scanned_pdf,,https://huntsvilleon.civicweb.net/filepro/document/78127/Regular Council - 13 Dec 2023 - Agenda - Pdf.pdf
]HURON EAST M,HURON EAST,2026-05-25,error,404 Client Error: Not Found for url: https://www.huroneast.com/media/vgznze4g/2025-meeting-calendar.pdf,https://www.huroneast.com/media/vgznze4g/2025-meeting-calendar.pdf
HURON KINLOSS TP,HURON KINLOSS,2026-05-25,scanned_pdf,,https://www.mpac.ca/sites/default/files/docs/pdf/2024-PerformanceReport.pdf
HURON SHORES M,HURON SHORES,2026-05-25,scanned_pdf,,https://huronshores.ca/wp-content/uploads/2024/05/24-12-Recreation-Vehicle-License-Application-Schedule-B-Fillable.pdf
IGNACE TP,IGNACE,2026-05-25,scanned_html,,https://ignace.civicweb.net/Portal/
INGERSOLL T,INGERSOLL,2026-05-25,scanned_html,,https://ingersoll.civicweb.net/Portal/
INNISFIL T,INNISFIL,2026-05-25,error,404 Client Error: Not Found for url: https://www.innisfil.ca/en/building-and-development/resources/Fence-By-law-052-05-as-amended.pdf,https://innisfil.ca/en/building-and-development/resources/Fence-By-law-052-05-as-amended.pdf
IROQUOIS FALLS T,IROQUOIS FALLS,2026-05-25,scanned_pdf,,"https://iroquoisfalls.civicweb.net/filepro/document/9749/4. Minutes - Regular Meeting - August 29, 2022.pdf"
JAMES TP,JAMES,2026-05-25,scanned_pdf,,https://elklake.ca/vertical/sites/%7B698232A1-8BB9-4776-8A5C-60DC366E3EE9%7D/uploads/Dec11-24_Agenda.pdf
JOCELYN TP,JOCELYN,2026-05-25,scanned_pdf,,https://jocelyn.ca/wp-content/uploads/2025/12/October-8-2025-Meeting-Minutes.pdf
JOHNSON TP,JOHNSON,2026-05-25,scanned_pdf,,https://johnsontownship.ca/johnsontownship/wp-content/uploads/formidable/9/2026-01-21-minutes.pdf
JOLY TP,JOLY,2026-05-25,scanned_pdf,,https://townshipofjoly.com/uploads/Agenda%20-  Almaguin Highlands OPP Detachment Board September 10 2025.pdf
KAPUSKASING T,KAPUSKASING,2026-05-25,scanned_html,,https://kapuskasing.civicweb.net/Portal/
KAWARTHA LAKES C,KAWARTHA LAKES,2026-05-25,scanned_pdf,,https://pub-kawarthalakes.escribemeetings.com/FileStream.ashx?DocumentId=90035
KEARNEY TP,KEARNEY,2026-05-25,scanned_pdf,,https://www.townofkearney.ca/sites/6/files/2024-04/Application%20to%20Purchase%20Shore%20Road%20Allowance.pdf
KENORA C,KENORA,2026-05-25,scanned_pdf,,https://pub-kenora.escribemeetings.com/FileStream.ashx?DocumentId=4042
KERNS TP,KERNS,2026-05-25,error,404 Client Error: Not Found for url: https://kerns.ca/council-minutes/,https://kerns.ca/council-minutes/
KILLALOE HAGARTY AND RICHARDS TP,KILLALOE HAGARTY AND RICHARDS,2026-05-25,scanned_pdf,,https://www.killaloe-hagarty-richards.ca/sites/25/files/2026-04/April%207%202026%20Regular%20Meeting%20Minutes.pdf
KILLARNEY M,KILLARNEY,2026-05-25,scanned_html,,https://www.killarney.ca/p/meeting-minutes#downloadOurApp
KINCARDINE M,KINCARDINE,2026-05-25,error,404 Client Error: Not Found for url: https://www.kincardine.ca/11162809_Kincardine/en/municipal-office/resources/2023-03-07-Council-Declaration-of-Interest.pdf,https://www.kincardine.ca/11162809_Kincardine/en/municipal-office/resources/2023-03-07-Council-Declaration-of-Interest.pdf
KING TP,KING,2026-05-25,scanned_pdf,,https://www.king.ca/sites/default/files/2025-11/2026%20Schedule%20of%20Council%20and%20Public%20Planning%20Meetings.pdf
KINGSTON C,KINGSTON,2026-05-25,error,"HTTPSConnectionPool(host='stclair.civicweb.net', port=443): Max retries exceeded with url: /Portal/ (Caused by NameResolutionError(""<urllib3.connection.HTTPSConnection object at 0x0000026193193ED0>: Failed to resolve 'stclair.civicweb.net' ([Errno 11001] getaddrinfo failed)""))",https://stclair.civicweb.net/Portal/
KINGSVILLE TP,KINGSVILLE,2026-05-25,scanned_pdf,,https://kingsville-pub.escribemeetings.com/FileStream.ashx?DocumentId=36870
KIRKLAND LAKE TP,KIRKLAND LAKE,2026-05-25,scanned_pdf,,https://www.ville.kirkland.qc.ca/client_file/upload/ODJ%20et%20PV%202026/ODJ2026-04-07.pdf
KITCHENER C,KITCHENER,2026-05-25,scanned_pdf,,https://pub-kitchener.escribemeetings.com/FileStream.ashx?DocumentId=35227
LA VALLEE TP,LA VALLEE,2026-05-25,scanned_pdf,,https://lavallee.ca/wp-content/uploads/2026/04/Agenda-April-8-2026.pdf
LAIRD TP,LAIRD,2026-05-25,scanned_pdf,,https://lairdtownship.ca/wp-content/uploads/2026/04/04-April-16-2026-Regular-Agenda-55.pdf
LAKE OF BAYS TP,LAKE OF BAYS,2026-05-25,scanned_pdf,,https://lakeofbays.civicweb.net/FileStorage/3F43A62274C14A4895FDD5DBF286313B-2025-11-11%20Ombudsmans%20Closed%20Session%20Report.pdf
LAKE OF THE WOODS TP,LAKE OF THE WOODS,2026-05-25,scanned_pdf,,https://www.lakeofthewoods.ca/wp-content/uploads/2012/10/LOW-council-minute-December-2-2014.pdf
LAKESHORE M,LAKESHORE,2026-05-25,scanned_html,,https://pub-lakeshore.escribemeetings.com/
LAMBTON SHORES M,LAMBTON SHORES,2026-05-25,scanned_html,,https://pub-lambtonshores.escribemeetings.com/
LANARK HIGHLANDS TP,LANARK HIGHLANDS,2026-05-25,scanned_pdf,,https://pub-lanarkhighlands.escribemeetings.com/FileStream.ashx?DocumentId=14338
LARDER LAKE TP,LARDER LAKE,2026-05-25,scanned_pdf,,https://www.larderlake.ca/wp-content/uploads/2022/03/Delegation-Request-Form.pdf
LASALLE TP,LASALLE,2026-05-25,scanned_pdf,,https://pub-lasalle.escribemeetings.com/FileStream.ashx?DocumentId=28046
LATCHFORD TP,LATCHFORD,2026-05-25,error,404 Client Error: Not Found for url: https://www.latchford.ca/budget.pdf,http://www.latchford.ca/budget.pdf
LAURENTIAN HILLS TP,LAURENTIAN HILLS,2026-05-25,error,"HTTPSConnectionPool(host='laurentianhills.civicweb.net', port=443): Max retries exceeded with url: /Portal/ (Caused by NameResolutionError(""<urllib3.connection.HTTPSConnection object at 0x00000260FD2EDA50>: Failed to resolve 'laurentianhills.civicweb.net' ([Errno 11001] getaddrinfo failed)""))",https://laurentianhills.civicweb.net/Portal/
LAURENTIAN VALLEY TP,LAURENTIAN VALLEY,2026-05-25,error,"HTTPSConnectionPool(host='laurentianvalley.civicweb.net', port=443): Max retries exceeded with url: /Portal/ (Caused by NameResolutionError(""<urllib3.connection.HTTPSConnection object at 0x00000261AC8C4A10>: Failed to resolve 'laurentianvalley.civicweb.net' ([Errno 11001] getaddrinfo failed)""))",https://laurentianvalley.civicweb.net/Portal/
LEAMINGTON M,LEAMINGTON,2026-05-25,scanned_pdf,,https://www.leamington.ca/media/xhvmje3f/26may12_councilagenda.pdf
LEEDS AND THE THOUSAND ISLANDS TP,LEEDS AND THE THOUSAND ISLANDS,2026-05-25,scanned_pdf,,https://pub-leeds1000islands.escribemeetings.com/FileStream.ashx?DocumentId=12435
LIMERICK TP,LIMERICK,2026-05-25,scanned_html,,https://limerick.civicweb.net/Portal/
LINCOLN TP,LINCOLN,2026-05-25,error,404 Client Error: Not Found for url: https://pub-lincolncity.escribemeetings.com/FileStream.ashx?DocumentId=3756,https://pub-lincolncity.escribemeetings.com/FileStream.ashx?DocumentId=3756
LONDON C,LONDON,2026-05-25,scanned_pdf,,https://pub-london.escribemeetings.com/FileStream.ashx?DocumentId=123278
LOYALIST TP,LOYALIST,2026-05-25,error,404 Client Error: Not Found for url: https://www.loyalist.ca/en/living-in-loyalist/resources/Documents/Renewable-Energy-Vibrancy-Review-Committee-Terms-of-Reference.pdf,https://www.loyalist.ca/en/living-in-loyalist/resources/Documents/Renewable-Energy-Vibrancy-Review-Committee-Terms-of-Reference.pdf
LUCAN BIDDULPH TP,LUCAN BIDDULPH,2026-05-25,scanned_pdf,,https://www.lucanbiddulph.on.ca/sites/default/files/2026-01/2025%20Year%20in%20Review.pdf
MACDONALD MEREDITH AND ABERDEEN ADDL TP,MACDONALD MEREDITH AND ABERDEEN ADDL,2026-05-25,scanned_pdf,,https://echobay.ca/wp-content/uploads/2025/04/December-16-2025-Agenda.pdf
MACHAR TP,MACHAR,2026-05-25,scanned_pdf,,https://www.townshipofmachar.ca/uploads/agenda-apr-27-2026.pdf
MACHIN M,MACHIN,2026-05-25,error,404 Client Error: Not Found for url: https://visitmachin.com/council/minutes/,https://visitmachin.com/council/minutes/
MADAWASKA VALLEY TP,MADAWASKA VALLEY,2026-05-25,error,404 Client Error: Not Found for url: https://www.madawaskavalley.ca/deptdocs/Madawaska%20Valley%20-%20The%20Path%20Forward%202015-2019%20Strategic%20Plan.pdf,http://www.madawaskavalley.ca/deptdocs/Madawaska%20Valley%20-%20The%20Path%20Forward%202015-2019%20Strategic%20Plan.pdf
munid,municipality_name,2026-05-25,scanned_pdf,,https://www.porthope.ca/en/your-municipal-government/2026%20Council%20and%20Committee%20Calendar.pdf
MADOC TP,MADOC,2026-05-25,scanned_html,,https://madoc.civicweb.net/Portal/
MAGNETAWAN M,MAGNETAWAN,2026-05-25,scanned_pdf,,https://magnetawan.com/content/government/agendas-minutes/04-15-2026-agenda-1.pdf
MALAHIDE TP,MALAHIDE,2026-05-25,error,400 Client Error: Bad Request for url: https://l.facebook.com/l.php?u=https%3A%2F%2Fwww.malahide.ca%2Fpublic%2Fdownload%2Ffiles%2F337580&h=AT7yiSv3SMeLbzFHqtDPoxmwXj5Qy0U3pplPfeuQn2vh_oUGLdzXhb9ABYmDmJvfP5Fl270xZpYr2XaRwqn6YgP0Mtd4Enm4lX4gO6uWGF8TUtYWEIJ9fcTM8jh3ELtptMkfJ0itqogvyNYPSekUcmxE3qFsONEo&__tn__=-UK-R&c%5B0%5D=AT5DECKt2anQyPuFysZ4TCEZADtiVo1f1WoWFeob1GcQgu87xoYbS_z06hoGywLYdCbJNUHhpPDa0xfieMqsn2oMOPm2T8eKoS9Yoj8p7_Ba7oPEdGBdxz7oQqkbetyVet6SU4zm36hlKEZzbIPTrJxlrgekn7kFZk050jhjDgTcRvClZ0LtYfdGZr0PF4M,https://l.facebook.com/l.php?u=https%3A%2F%2Fwww.malahide.ca%2Fpublic%2Fdownload%2Ffiles%2F337580&h=AT7yiSv3SMeLbzFHqtDPoxmwXj5Qy0U3pplPfeuQn2vh_oUGLdzXhb9ABYmDmJvfP5Fl270xZpYr2XaRwqn6YgP0Mtd4Enm4lX4gO6uWGF8TUtYWEIJ9fcTM8jh3ELtptMkfJ0itqogvyNYPSekUcmxE3qFsONEo&__tn__=-UK-R&c[0]=AT5DECKt2anQyPuFysZ4TCEZADtiVo1f1WoWFeob1GcQgu87xoYbS_z06hoGywLYdCbJNUHhpPDa0xfieMqsn2oMOPm2T8eKoS9Yoj8p7_Ba7oPEdGBdxz7oQqkbetyVet6SU4zm36hlKEZzbIPTrJxlrgekn7kFZk050jhjDgTcRvClZ0LtYfdGZr0PF4M
MANITOUWADGE TP,MANITOUWADGE,2026-05-25,scanned_html,,https://manitouwadge.civicweb.net/Portal/
MAPLETON TP,MAPLETON,2026-05-25,error,404 Client Error: Not Found for url: https://www.mapleton.ca/content/township-services/council/delegation-request-1.pdf,https://mapleton.ca/content/township-services/council/delegation-request-1.pdf
MARATHON TP,MARATHON,2026-05-25,scanned_pdf,,https://www.marathontownship.com/files/marathon/1/file/Minutes/Regular Meeting/2026/mtg 4-8-26.pdf
MARKHAM C,MARKHAM,2026-05-25,scanned_pdf,,https://pub-markham.escribemeetings.com/FileStream.ashx?DocumentId=112741
MARKSTAY WARREN M,MARKSTAY WARREN,2026-05-25,scanned_pdf,,https://pub-markstay-warren.escribemeetings.com/FileStream.ashx?DocumentId=288
MARMORA AND LAKE M,MARMORA AND LAKE,2026-05-25,scanned_html,,https://marmoraandlake.civicweb.net/Portal/
MATTAWA TP,MATTAWA,2026-05-25,scanned_pdf,,https://mattawa.ca/uploads/april-27-agenda-package.pdf
MATTAWAN M,MATTAWAN,2026-05-25,error,"HTTPConnectionPool(host='23060801-draftagendajune8.pdf', port=80): Max retries exceeded with url: / (Caused by NameResolutionError(""<urllib3.connection.HTTPConnection object at 0x00000261AC4D1AD0>: Failed to resolve '23060801-draftagendajune8.pdf' ([Errno 11001] getaddrinfo failed)""))",http://23060801-DraftagendaJune8.pdf
MATTICE VAL C T TP,MATTICE VAL COTE,2026-05-25,scanned_pdf,,https://www.matticevalcote.ca/en/_files/ugd/93a5a9_bb610be2bd0f4a1f9a60d2ec9b2fae45.pdf
MCDOUGALL TP,MCDOUGALL,2026-05-25,scanned_html,,https://mcdougall.ca/p/agendas-minutes#downloadOurApp
MCGARRY TP,MCGARRY,2026-05-25,scanned_pdf,,https://mcgarry.ca/uploads/dm/40084/Communication20240625.pdf
MCKELLAR TP,MCKELLAR,2026-05-25,scanned_pdf,,https://calendar.mckellar.ca/default/Download?StartDate=04/01/2026&EndDate=04/30/2026
MCMURRICH MONTEITH TP,MCMURRICH MONTEITH,2026-05-25,scanned_pdf,,https://irp.cdn-website.com/af131183/files/uploaded/Agenda+Package+-+January+20-+2026+Items+1-+9.pdf
MCNAB BRAESIDE TP,MCNAB BRAESIDE,2026-05-25,scanned_pdf,,http://www.mcnabbraeside.com/userfiles/file/municipal-information/information/200942992143.pdf
MEAFORD M,MEAFORD,2026-05-25,scanned_pdf,,https://meaford.civicweb.net/document/187422/2025-28%20-%20To%20Establish%20the%20Heritage%20Advisory%20Committee%20(Updated%20Terms%20of%20Reference).pdf
MELANCTHON TP,MELANCTHON,2026-05-25,scanned_pdf,,https://melancthontownship.ca/wp-content/uploads/2016/11/commissioner-for-taking-oaths.pdf
MERRICKVILLE WOLFORD TP,MERRICKVILLE WOLFORD,2026-05-25,error,404 Client Error: Not Found for url: https://www.merrickville-wolford.ca/governance/agendas-minutes/2024-minutes/council-2/2418-dec-9-council-minutes-1/file,https://www.merrickville-wolford.ca/governance/agendas-minutes/2024-minutes/council-2/2418-dec-9-council-minutes-1/file
MIDDLESEX CENTRE M,MIDDLESEX CENTRE,2026-05-25,scanned_html,,https://pub-middlesexcentre.escribemeetings.com/
MIDLAND TP,MIDLAND,2026-05-25,scanned_pdf,,https://www.midland.ca/media/lrsfx3ag/procedure-bylaw.pdf
MILTON TP,MILTON,2026-05-25,scanned_html,,https://pub-milton.escribemeetings.com/
MINDEN HILLS TP,MINDEN HILLS,2026-05-25,scanned_html,,https://mindenhills.civicweb.net/Portal/
MINTO TP,MINTO,2026-05-25,error,404 Client Error: Not Found for url: https://www.town.minto.on.ca/town-hall/council/council-agenda-minutes,https://town.minto.on.ca/town-hall/council/council-agenda-minutes
MISSISSAUGA C,MISSISSAUGA,2026-05-25,scanned_html,,https://www.mississauga.ca/events-and-attractions/events-calendar/
MISSISSIPPI MILLS M,MISSISSIPPI MILLS,2026-05-25,scanned_pdf,,https://www.mississippimills.ca/media/b4wlpeka/council-agenda-jan-14-20.pdf
MONO TP,MONO,2026-05-25,scanned_pdf,,"https://mono.civicweb.net/FileStorage/A23802FCE2124A4A8199667B861B919B-Motion%20by%20Mayor%20Creelman,%20Hwy%20Highway%2010%20and%20Count.pdf"
MONTAGUE TP,MONTAGUE,2026-05-25,scanned_pdf,,https://montague.civicweb.net/FileStorage/590C82F69BAB4DD2BC8EB1448FA158FC-KPMG%20Audit%20Findings.pdf
MOONBEAM TP,MOONBEAM,2026-05-25,scanned_pdf,,https://vplus-documents.s3.ca-central-1.amazonaws.com/moonbeam/_publication/fichiers/Calendrier%20des%20runions%20du%20conseil%20municipal_2026(1).pdf
MOOSONEE TP,MOOSONEE,2026-05-25,scanned_pdf,,https://www.moosonee.ca/wp-content/uploads/2026/04/SPECIAL-MEETING-COUNCIL-AGENDA-PACKAGE-.pdf
MORLEY TP,MORLEY,2026-05-25,scanned_pdf,,https://townshipofmorley.ca/wp-content/uploads/2025/02/1.-JAN.-13-2025.pdf
MORRIS TURNBERRY M,MORRIS TURNBERRY,2026-05-25,scanned_pdf,,https://morristurnberry.ca/content/government/2022-municipal-election/results-3.pdf
MULMUR TP,MULMUR,2026-05-25,scanned_pdf,,https://mulmur.ca/content/town-hall/agendas-minutes/mansfield-parks-advisory-committee/2026-03-10-parks-minutes.pdf
MUSKOKA LAKES TP,MUSKOKA LAKES,2026-05-25,scanned_html,,https://muskokalakes.civicweb.net/Portal/
NAIRN AND HYMAN TP,NAIRN AND HYMAN,2026-05-25,scanned_pdf,,https://nairncentre.ca/wp-content/uploads/2026/02/Revised-Building-Permit-Application-Nairn.pdf
NEEBING M,NEEBING,2026-05-25,error,404 Client Error: Not Found for url: https://www.neebing.org/en/your-local-government/resources/By-Laws-and-Policies/2019-007-amd-procedure-bylaw.pdf,https://www.neebing.org/en/your-local-government/resources/By-Laws-and-Policies/2019-007-amd-procedure-bylaw.pdf
NEW TECUMSETH TP,NEW TECUMSETH,2026-05-25,error,404 Client Error: Not Found for url: https://newtecumseth.civicweb.net/document/99201/,https://newtecumseth.civicweb.net/document/99201
NEWBURY TP,NEWBURY,2026-05-25,scanned_pdf,,https://www.thecounty.ca/wp-content/uploads/2025/07/Statutory-and-Advisory-Boards-and-Committees-2026-Meeting-Schedule-revised-2026-04-23.pdf
NEWMARKET TP,NEWMARKET,2026-05-25,scanned_pdf,,https://pub-newmarket.escribemeetings.com/FileStream.ashx?DocumentId=56466
NIAGARA FALLS C,NIAGARA FALLS,2026-05-25,scanned_pdf,,https://pub-niagararegion.escribemeetings.com/FileStream.ashx?DocumentId=48542
NIAGARA ON THE LAKE TP,NIAGARA ON THE LAKE,2026-05-25,scanned_pdf,,https://www.notl.com/sites/default/files/2025-11/2026%20Meeting%20Schedule_2.pdf
NIPIGON TP,NIPIGON,2026-05-25,scanned_pdf,,https://www.nipigon.net/images/Audio-Video_Recording_Policy.pdf
NIPISSING TP,NIPISSING,2026-05-25,scanned_pdf,,https://nipissingtownship.com/wp-content/uploads/2026/04/2025-12-31-Township-of-Nipissing-FS.pdf
NORFOLK,NORFOLK,2026-05-25,scanned_pdf,,https://pub-norfolkcounty.escribemeetings.com/FileStream.ashx?DocumentId=22936
NORTH ALGONA WILBERFORCE TP,NORTH ALGONA WILBERFORCE,2026-05-25,error,404 Client Error: Not Found for url: http://nalgonawil.com/wp-content/uploads/2024/12/Minutes-Dec-19-2024.pdf,http://nalgonawil.com/wp-content/uploads/2024/12/Minutes-Dec-19-2024.pdf
NORTH BAY C,NORTH BAY,2026-05-25,scanned_pdf,,https://pub-northbay.escribemeetings.com/FileStream.ashx?DocumentId=38683
NORTH DUMFRIES TP,NORTH DUMFRIES,2026-05-25,scanned_pdf,,https://www.northdumfries.ca/media/pogmpd0h/2025-08-21-heritage-advisory-committee-terms-of-reference.pdf
NORTH DUNDAS TP,NORTH DUNDAS,2026-05-25,scanned_html,,https://pub-northdundas.escribemeetings.com/
NORTH FRONTENAC TP,NORTH FRONTENAC,2026-05-25,scanned_html,,https://northfrontenac.civicweb.net/Portal/
NORTH GLENGARRY TP,NORTH GLENGARRY,2026-05-25,scanned_pdf,,https://www.northglengarry.ca/media/ac3i0itr/2020-12-14-council-a.pdf
NORTH GRENVILLE M,NORTH GRENVILLE,2026-05-25,scanned_html,,https://www.northgrenville.ca/community-and-culture/resources/community-events
NORTH HURON TP,NORTH HURON,2026-05-25,scanned_pdf,,https://www.northhuron.ca/media/aleaskpu/2026-04-23-lc01-notice-of-nomination-for-office.pdf
NORTH KAWARTHA TP,NORTH KAWARTHA,2026-05-25,scanned_pdf,,https://www.northkawartha.ca/media/jjmh4eqx/by-law_2025-0050-procedure-by-law.pdf
NORTH MIDDLESEX M,NORTH MIDDLESEX,2026-05-25,scanned_pdf,,https://pub-northmiddlesex.escribemeetings.com:443/FileStream.ashx?DocumentId=19463
NORTH PERTH M,NORTH PERTH,2026-05-25,scanned_pdf,,https://www.northperth.ca/media/izgb15tg/agenda-package-dei-advisory-committee_nov18_2025.pdf
NORTH STORMONT TP,NORTH STORMONT,2026-05-25,error,"HTTPSConnectionPool(host='stclair.civicweb.net', port=443): Max retries exceeded with url: /Portal/ (Caused by NameResolutionError(""<urllib3.connection.HTTPSConnection object at 0x000002611EC25B90>: Failed to resolve 'stclair.civicweb.net' ([Errno 11001] getaddrinfo failed)""))",https://stclair.civicweb.net/Portal/
NORTHEASTERN MANITOULIN AND THE ISLANDS TP,NORTHEASTERN MANITOULIN AND THE ISLANDS,2026-05-25,scanned_html,,https://www.townofnemi.on.ca/p/downloads-documents
NORTHERN BRUCE PENINSULA M,NORTHERN BRUCE PENINSULA,2026-05-25,scanned_pdf,,https://www.northbrucepeninsula.ca/media/cpwfcmci/declaration-of-pecuniary-interest-november-22-2021.pdf
NORWICH TP,NORWICH,2026-05-25,scanned_pdf,,"https://norwich.civicweb.net/FileStorage/8168EB35A78B4B3288615EA2023E5B8E-Minutes%20-%20September%2023,%202025%20-A.pdf"
O TMCONNOR TP,O'CONNOR,2026-05-25,scanned_pdf,,https://www.oconnortownship.ca/wp-content/uploads/August-10-2020-a.pdf
OAKVILLE TP,OAKVILLE,2026-05-25,scanned_pdf,,https://pub-oakville.escribemeetings.com/FileStream.ashx?DocumentId=97282
OIL SPRINGS TP,OIL SPRINGS,2026-05-25,scanned_pdf,,http://calendar.oilsprings.ca/meetings/Download?StartDate=04/01/2026&EndDate=04/30/2026
OLIVER PAIPOONGE M,OLIVER PAIPOONGE,2026-05-25,scanned_html,,https://oliverpaipoonge.civicweb.net/Portal/
OPASATIKA TP,OPASATIKA,2026-05-25,scanned_pdf,,https://www.opasatika.net/en/_files/ugd/3e1323_d04e03980ca5421d907f59631ba0a8db.pdf
ORANGEVILLE TP,ORANGEVILLE,2026-05-25,scanned_pdf,,https://www.orangeville.ca/en/doing-business/resources/Documents/Procurement Policy 2023 Final.pdf
ORILLIA C,ORILLIA,2026-05-25,scanned_html,,https://orillia.civicweb.net/Portal/
ORO MEDONTE TP,ORO MEDONTE,2026-05-25,scanned_pdf,,https://oromedonte-003-ca.govstack.com/media/bihjfxvl/council-meeting-request-form.pdf
OSHAWA C,OSHAWA,2026-05-25,error,404 Client Error: Not Found for url: https://www.oshawa.ca/en/Document-Feeds/By-law-Library/Transporation-and-Parking/RegulateSkateboardsandBicyclesBy-law78-91.pdf,https://www.oshawa.ca/en/Document-Feeds/By-law-Library/Transporation-and-Parking/RegulateSkateboardsandBicyclesBy-law78-91.pdf
OTONABEE SOUTH MONAGHAN TP,OTONABEE SOUTH MONAGHAN,2026-05-25,error,"HTTPSConnectionPool(host='otonabee.civicweb.net', port=443): Max retries exceeded with url: /document/32200 (Caused by NameResolutionError(""<urllib3.connection.HTTPSConnection object at 0x00000260F0C5D190>: Failed to resolve 'otonabee.civicweb.net' ([Errno 11001] getaddrinfo failed)""))",https://otonabee.civicweb.net/document/32200
OTTAWA C,OTTAWA,2026-05-25,scanned_html,,https://pub-ottawa.escribemeetings.com/
OWEN SOUND C,OWEN SOUND,2026-05-25,scanned_pdf,,https://www.unicef.ca/sites/default/files/2024-01/UNICEF_Canada_Policy_Brief_CCB_Supplement.pdf
PAPINEAU CAMERON TP,PAPINEAU CAMERON,2026-05-25,scanned_pdf,,http://papineaucameron.ca/wp-content/uploads/2021/08/Cameron-OP-2021-07-04-Land-Use-Map.pdf
PARRY SOUND TP,PARRY SOUND,2026-05-25,scanned_pdf,,https://callander.civicweb.net/FileStorage/9634772F2E694BCFAAB36540CE976A41-WRLC%20November%2013%202025%20Meeting%20Minutes.pdf
PELEE TP,PELEE,2026-05-25,scanned_pdf,,https://www.pelee.org/wp-content/uploads/2026/04/4A-Regular-Council-minutes-March-10-2026.pdf
PELHAM TP,PELHAM,2026-05-25,scanned_pdf,,https://www.pelham.ca/media/wkmloh0s/2026-01-26-consolidated-4507-2022-procedural-by-law.pdf
PEMBROKE C,PEMBROKE,2026-05-25,scanned_pdf,,http://calendar.pembroke.ca/default/Download?StartDate=04/01/2026&EndDate=04/30/2026
PENETANGUISHENE TP,PENETANGUISHENE,2026-05-25,scanned_pdf,,https://penetanguishene.civicweb.net/filepro/document/310224/Special Council - 28 Sep 2022 - Minutes - Pdf.pdf
PERRY TP,PERRY,2026-05-25,scanned_pdf,,https://townshipofperry.ca/wp-content/uploads/2026/04/2026-04-29-Agenda-Cover.pdf
PERTH EAST TP,PERTH EAST,2026-05-25,scanned_pdf,,https://www.perth.ca/media/krvd5yix/2026-council-_-committee-calendar.pdf
PERTH SOUTH TP,PERTH SOUTH,2026-05-25,error,"HTTPSConnectionPool(host='pertheast.civicweb.net', port=443): Max retries exceeded with url: /Portal/ (Caused by NameResolutionError(""<urllib3.connection.HTTPSConnection object at 0x00000260A2ECBDD0>: Failed to resolve 'pertheast.civicweb.net' ([Errno 11001] getaddrinfo failed)""))",https://pertheast.civicweb.net/Portal/
PERTH TP,PERTH,2026-05-25,scanned_pdf,,https://www.perth.ca/media/krvd5yix/2026-council-_-committee-calendar.pdf
PETAWAWA TP,PETAWAWA,2026-05-25,scanned_pdf,,https://petawawa.ca/wp-content/uploads/2025/02/Mayor-CertificateRequestForm2024-fillablepdf.pdf
PETERBOROUGH C,PETERBOROUGH,2026-05-25,error,404 Client Error: Not Found for url: https://pub-peterborough.escribemeetings.com:443/FileStream.ashx?DocumentId=41982,https://pub-peterborough.escribemeetings.com:443/FileStream.ashx?DocumentId=41982
PETROLIA TP,PETROLIA,2026-05-25,scanned_html,,https://petrolia.civicweb.net/Portal/
PICKERING C,PICKERING,2026-05-25,scanned_pdf,,https://pub-pickering.escribemeetings.com/FileStream.ashx?DocumentId=4601
PICKLE LAKE TP,PICKLE LAKE,2026-05-25,scanned_pdf,,https://picklelake.ca/wp-content/uploads/2026/04/2026.04.14-Agenda-Regular-Meeting-of-Council.pdf
PLUMMER ADDITIONAL TP,PLUMMER ADDITIONAL,2026-05-25,scanned_pdf,,https://plummertownship.ca/wp-content/uploads/2026/04/Agenda-2026-04-15.pdf
PLYMPTON WYOMING TP,PLYMPTON WYOMING,2026-05-25,scanned_pdf,,https://www.plympton-wyoming.com/media/cuiayndc/important-notice-to-residents-start-of-construction.pdf
POINT EDWARD TP,POINT EDWARD,2026-05-25,scanned_pdf,,https://www.thecounty.ca/wp-content/uploads/2025/07/Statutory-and-Advisory-Boards-and-Committees-2026-Meeting-Schedule-revised-2026-04-23.pdf
PORT COLBORNE C,PORT COLBORNE,2026-05-25,scanned_pdf,,https://www.portcolborne.ca/New%20-%20Procedural%20Bylaw.pdf
PORT HOPE M,PORT HOPE,2026-05-25,error,404 Client Error: Not Found for url: https://www.porthope.ca/en/your-municipal-government/resources/By-Laws/By-Laws/_Frequently-Requested-By-Laws/By-law%2080-2024%20-%20Procedural%20By-law.pdf,https://www.porthope.ca/en/your-municipal-government/resources/By-Laws/By-Laws/_Frequently-Requested-By-Laws/By-law%2080-2024%20-%20Procedural%20By-law.pdf
POWASSAN M,POWASSAN,2026-05-25,scanned_pdf,,https://www.powassan.net/Uploads/Documents/MunicipalServices/Council/2023 Council Remuneration.pdf
PRESCOTT TP,PRESCOTT,2026-05-25,scanned_pdf,,https://www.prescott.ca/media/d11m1ggd/2021-12-13-council-minutes.pdf
PRINCE EDWARD,PRINCE EDWARD,2026-05-25,error,"HTTPSConnectionPool(host='pub-pec.escribemeetings.com', port=443): Max retries exceeded with url: / (Caused by NameResolutionError(""<urllib3.connection.HTTPSConnection object at 0x00000261CE3E3F10>: Failed to resolve 'pub-pec.escribemeetings.com' ([Errno 11001] getaddrinfo failed)""))",https://pub-pec.escribemeetings.com/
PRINCE TP,PRINCE,2026-05-25,scanned_pdf,,https://www.thecounty.ca/wp-content/uploads/2025/07/Statutory-and-Advisory-Boards-and-Committees-2026-Meeting-Schedule-revised-2026-04-23.pdf
PUSLINCH TP,PUSLINCH,2026-05-25,error,403 Client Error: Forbidden for url: https://puslinch.ca/wp-content/uploads/2024/12/Schedule-A-2025-Council-Committee-and-Budget-Meeting-Schedule.pdf,https://puslinch.ca/wp-content/uploads/2024/12/Schedule-A-2025-Council-Committee-and-Budget-Meeting-Schedule.pdf
QUINTE WEST C,QUINTE WEST,2026-05-25,scanned_html,,https://quintewest.civicweb.net/Portal/
RAINY RIVER TP,RAINY RIVER,2026-05-25,scanned_pdf,,https://www.rainyriver.ca/uploads/meetings-agendas/2026/csl3-mar-9-26.pdf
RAMARA TP,RAMARA,2026-05-25,scanned_pdf,,https://www.ramara.ca/media/thzfarqj/2026-council_cow-meeting-schedule.pdf
RED LAKE M,RED LAKE,2026-05-25,error,404 Client Error: Not Found for url: https://pub-redlake.escribemeetings.com/,https://pub-redlake.escribemeetings.com/
RED ROCK TP,RED ROCK,2026-05-25,error,404 Client Error: Not Found for url: https://redrocktownship.com/wp-content/uploads/2024/12/Minutes-December-16-2024.pdf,https://www.redrocktownship.com/wp-content/uploads/2024/12/Minutes-December-16-2024.pdf
RENFREW TP,RENFREW,2026-05-25,error,404 Client Error: Page Not Found for url: https://www.countyofrenfrew.on.ca/en/county-government/resources/Documents/36-16.pdf,https://www.countyofrenfrew.on.ca/en/county-government/resources/Documents/36-16.pdf
RICHMOND HILL C,RICHMOND HILL,2026-05-25,scanned_pdf,,https://www.richmondhill.ca/en/resources/By-law-125-23-Procedure-By-law-Accessible.pdf
RIDEAU LAKES TP,RIDEAU LAKES,2026-05-25,scanned_pdf,,https://pub-rideaulakes.escribemeetings.com/FileStream.ashx?DocumentId=14607
RUSSELL TP,RUSSELL,2026-05-25,scanned_pdf,,https://russell.civicweb.net/filepro/document/184003/Special Council Meeting - 2023-09-11 - Agenda - Pdf.pdf
RYERSON TP,RYERSON,2026-05-25,scanned_pdf,,https://www.ryersontownship.ca/content/departments/administration/permits/application-for-trailer-license-print-and-submit.pdf
SABLES SPANISH RIVERS TP,SABLES SPANISH RIVERS,2026-05-25,scanned_pdf,,https://www.sables-spanish.ca/wp-content/uploads/2026/01/2026-Recycling-Schedule-Sable-Spanish.pdf
SARNIA C,SARNIA,2026-05-25,scanned_html,,https://sarnia.civicweb.net/Portal/
SAUGEEN SHORES TP,SAUGEEN SHORES,2026-05-25,scanned_html,,https://pub-saugeenshores.escribemeetings.com/
SAULT STE MARIE C,SAULT STE MARIE,2026-05-25,scanned_pdf,,https://saultstemarie.ca/wp-content/uploads/2024/12/2023-100-Council-Procedure.pdf
SCHREIBER TP,SCHREIBER,2026-05-25,scanned_pdf,,https://www.schreiber.ca/wp-content/uploads/2020/05/Community-Town-Hall-Presentation-2019-2-11-FINAL.pdf
SCUGOG TP,SCUGOG,2026-05-25,scanned_pdf,,https://www.scugog.ca/media/pyfiarlx/2026-council-gpa-and-pca-meeting-schedule-5.pdf
SEGUIN TP,SEGUIN,2026-05-25,scanned_html,,https://cityofseguintx.legistar.com/View.ashx?M=IC&ID=1408797&GUID=54FB657F-EAE8-47F8-9696-215D37D3C312
SELWYN TP,SELWYN,2026-05-25,scanned_pdf,,https://www.selwyntownship.ca/media/lxlnzlno/communicator2025_final.pdf
SEVERN TP,SEVERN,2026-05-25,scanned_html,,https://severn.civicweb.net/Portal/
SHELBURNE TP,SHELBURNE,2026-05-25,scanned_pdf,,https://www.municipalityofshelburne.ca/wp-content/uploads/2026/04/2026.04.22_Council-Package.pdf
SHUNIAH M,SHUNIAH,2026-05-25,scanned_pdf,,https://www.shuniah.org/wp-content/uploads/2026/04/Z25-6-APPLICATION.pdf
SIOUX LOOKOUT M,SIOUX LOOKOUT,2026-05-25,scanned_pdf,,https://d2wxwk5ilzon84.cloudfront.net/siouxlookout/115872722cfa6b10e7b025e364e668e70.pdf
SIOUX NARROWS NESTOR FALLS TP,SIOUX NARROWS NESTOR FALLS,2026-05-25,error,404 Client Error: Not Found for url: https://www.snnf.ca/api/media/file/Agenda%20Special%20Session-%20April%2028%2C%202026.pdf,https://www.snnf.ca/api/media/file/Agenda%20Special%20Session-%20April%2028%2C%202026.pdf
SMITHS FALLS TP,SMITHS FALLS,2026-05-25,scanned_pdf,,https://pub-smithsfalls.escribemeetings.com/FileStream.ashx?DocumentId=2722
SMOOTH ROCK FALLS TP,SMOOTH ROCK FALLS,2026-05-25,scanned_html,,https://docs.google.com/viewer?url=https%3A%2F%2Fsmoothrockfalls.ca%2Fwp-admin%2Fadmin-ajax.php%3Fjuwpfisadmin%3Dfalse%26action%3Dwpfd%26task%3Dfile.download%26wpfd_category_id%3D133%26wpfd_file_id%3D01BFZNUC2COH5MHIHMFNE3IPI3HZ27ECTH%26token%3Dbd5f527dbd6810bad11d43dd80fa49d8%26preview%3D1&embedded=true
SOUTH ALGONQUIN TP,SOUTH ALGONQUIN,2026-05-25,scanned_pdf,,https://www.southalgonquin.ca/wp-content/uploads/2026/04/Waste-Collection-Calendar-2026-2-2.pdf
SOUTH BRUCE M,SOUTH BRUCE,2026-05-25,scanned_pdf,,"https://southbrucepeninsula.civicweb.net/FileStorage/F6E92F6084DA47E7AA4D7FF470690E07-Unfinished%20Business%20August%206,%202024.pdf"
SOUTH BRUCE PENINSULA TP,SOUTH BRUCE PENINSULA,2026-05-25,scanned_pdf,,"https://southbrucepeninsula.civicweb.net/FileStorage/F6E92F6084DA47E7AA4D7FF470690E07-Unfinished%20Business%20August%206,%202024.pdf"
SOUTH DUNDAS M,SOUTH DUNDAS,2026-05-25,scanned_pdf,,https://www.southdundas.com/sites/3/files/2021-12/December-18-2018-Minutes.pdf
SOUTH FRONTENAC TP,SOUTH FRONTENAC,2026-05-25,scanned_pdf,,https://www.southfrontenac.net/media/1gqnpvi1/by-law-2025-21-council-procedure-by-law.pdf
SOUTH GLENGARRY TP,SOUTH GLENGARRY,2026-05-25,scanned_pdf,,https://www.southglengarry.com/media/deppr3d3/2022-12-19_agenda.pdf
SOUTH HURON M,SOUTH HURON,2026-05-25,scanned_pdf,,https://granicus-azmop-peak.s3.ca-central-1.amazonaws.com/uploads/attachment/pdf/17256/2026-02-18_Council_Day_2_-_Minutes.pdf
SOUTH RIVER TP,SOUTH RIVER,2026-05-25,scanned_pdf,,https://southriver.ca/uploads/Apr-28-2026 update.pdf
SOUTH STORMONT TP,SOUTH STORMONT,2026-05-25,error,"HTTPSConnectionPool(host='stclair.civicweb.net', port=443): Max retries exceeded with url: /Portal/ (Caused by NameResolutionError(""<urllib3.connection.HTTPSConnection object at 0x00000261931BF490>: Failed to resolve 'stclair.civicweb.net' ([Errno 11001] getaddrinfo failed)""))",https://stclair.civicweb.net/Portal/
SOUTH WEST OXFORD TP,SOUTH WEST OXFORD,2026-05-25,scanned_pdf,,https://www.swox.org/media/2xtjv02p/2026-04-07-council-highlights.pdf
SOUTHGATE TP,SOUTHGATE,2026-05-25,scanned_html,,https://pub-southgate.escribemeetings.com/
SOUTHWEST MIDDLESEX M,SOUTHWEST MIDDLESEX,2026-05-25,scanned_pdf,,https://www.southwestmiddlesex.ca/sites/default/files/2026-04/2026%2004%2008%20-%20Regular%20Council%20Meeting%20Minutes.pdf
SOUTHWOLD TP,SOUTHWOLD,2026-05-25,scanned_pdf,,https://calendar.southwold.ca/default/Download?StartDate=04/01/2026&EndDate=04/30/2026
SPANISH TP,SPANISH,2026-05-25,scanned_pdf,,https://www.townofspanish.com/wp-content/uploads/2026/04/8.-April-15-2026.pdf
SPRINGWATER TP,SPRINGWATER,2026-05-25,error,404 Client Error: Not Found for url: https://www.springwater.ca/en/township-hall/resources/Documents/By-laws/2017-007-Consolidated-Procedural-By-law-rev.-2024.pdf,https://www.springwater.ca/en/township-hall/resources/Documents/By-laws/2017-007-Consolidated-Procedural-By-law-rev.-2024.pdf
ST CATHARINES C,ST CATHARINES,2026-05-25,scanned_pdf,,"https://www.stcatharines.ca/en/council-and-administration/resources/Mayoral-Decisions/26-11-By-law-Approval-April-13,-2026.pdf"
ST CHARLES M,ST CHARLES,2026-05-25,error,"HTTPSConnectionPool(host='stclair.civicweb.net', port=443): Max retries exceeded with url: /Portal/ (Caused by NameResolutionError(""<urllib3.connection.HTTPSConnection object at 0x00000260EA2A8450>: Failed to resolve 'stclair.civicweb.net' ([Errno 11001] getaddrinfo failed)""))",https://stclair.civicweb.net/Portal/
ST CLAIR TP,ST CLAIR,2026-05-25,scanned_pdf,,https://www.stclairtownship.ca/wp-content/uploads/21-December-15-2025.pdf
ST JOSEPH TP,ST JOSEPH,2026-05-25,scanned_pdf,,https://stjosephtownship.com/documents/assets/uploads/files/en/agenda_-_agenda_council_meeting__apr15_2026.pdf
ST MARYS T,ST MARYS,2026-05-25,scanned_pdf,,https://www.townofstmarys.com/media/13lpr2d4/20-16-procedural-by-law.pdf
ST THOMAS C,ST THOMAS,2026-05-25,error,"HTTPSConnectionPool(host='stclair.civicweb.net', port=443): Max retries exceeded with url: /Portal/ (Caused by NameResolutionError(""<urllib3.connection.HTTPSConnection object at 0x00000261CF4E3D90>: Failed to resolve 'stclair.civicweb.net' ([Errno 11001] getaddrinfo failed)""))",https://stclair.civicweb.net/Portal/
STIRLING RAWDON TP,STIRLING RAWDON,2026-05-25,error,"HTTPSConnectionPool(host='stclair.civicweb.net', port=443): Max retries exceeded with url: /Portal/ (Caused by NameResolutionError(""<urllib3.connection.HTTPSConnection object at 0x00000261BD6D3F10>: Failed to resolve 'stclair.civicweb.net' ([Errno 11001] getaddrinfo failed)""))",https://stclair.civicweb.net/Portal/
STONE MILLS TP,STONE MILLS,2026-05-25,scanned_pdf,,https://www.stonemills.com/media/tjdf1imq/council-recap-2026-04-13.pdf
STRATFORD C,STRATFORD,2026-05-25,scanned_html,,https://stratford.civicweb.net/Portal/
STRATHROY CARADOC M,STRATHROY CARADOC,2026-05-25,error,"HTTPSConnectionPool(host='stclair.civicweb.net', port=443): Max retries exceeded with url: /Portal/ (Caused by NameResolutionError(""<urllib3.connection.HTTPSConnection object at 0x00000260FA0B3DD0>: Failed to resolve 'stclair.civicweb.net' ([Errno 11001] getaddrinfo failed)""))",https://stclair.civicweb.net/Portal/
STRONG TP,STRONG,2026-05-25,error,"HTTPSConnectionPool(host='stclair.civicweb.net', port=443): Max retries exceeded with url: /Portal/ (Caused by NameResolutionError(""<urllib3.connection.HTTPSConnection object at 0x00000261BD6D0D50>: Failed to resolve 'stclair.civicweb.net' ([Errno 11001] getaddrinfo failed)""))",https://stclair.civicweb.net/Portal/
SUNDRIDGE TP,SUNDRIDGE,2026-05-25,scanned_pdf,,https://irp.cdn-website.com/2213ca44/files/uploaded/2026+04+30+-+Tri+Council+Agenda+Package.pdf
TARBUTT AND TARBUTT ADDITIONAL TP,TARBUTT AND TARBUTT ADDITIONAL,2026-05-25,scanned_pdf,,https://tarbutt.ca/wp-content/uploads/2026/04/April-27-Special-Council-agenda.pdf
TAY TP,TAY,2026-05-25,scanned_pdf,,https://tay.civicweb.net/document/19258/Tay%20Township%20-%20Delegation%20Request%20Form.pdf
TAY VALLEY TP,TAY VALLEY,2026-05-25,scanned_pdf,,https://tay.civicweb.net/document/22455/Agricultural%20Advisory%20Committee%20Terms%20of%20Reference.pdf
TECUMSEH TP,TECUMSEH,2026-05-25,error,403 Client Error: Forbidden for url: https://www.ontario.ca/files/2024-08/mmah-provincial-planning-statement-en-2024-08-19.pdf,https://www.ontario.ca/files/2024-08/mmah-provincial-planning-statement-en-2024-08-19.pdf
TEHKUMMAH TP,TEHKUMMAH,2026-05-25,scanned_pdf,,https://tehkummah.ca/wp-content/uploads/2023/09/PROCEDURE-ByLAW-2019-011-REVISED-March-28-2019.pdf
TEMAGAMI M,TEMAGAMI,2026-05-25,scanned_pdf,,https://www.temagami.ca/public/download/files/317468
TEMISKAMING SHORES C,TEMISKAMING SHORES,2026-05-25,scanned_pdf,,https://www.temiskamingshores.ca/media/y2mjzeqx/25-12-02-cow-minutes.pdf
TERRACE BAY TP,TERRACE BAY,2026-05-25,scanned_pdf,,https://www.terracebay.ca/wp-content/uploads/2026/04/2026-Spring-Clean-up.pdf
THAMES CENTRE M,THAMES CENTRE,2026-05-25,scanned_html,,https://pub-thamescentre.escribemeetings.com/
THE ARCHIPELAGO TP,THE ARCHIPELAGO,2026-05-25,error,"HTTPSConnectionPool(host='thearchipelago.civicweb.net', port=443): Max retries exceeded with url: /document/32100 (Caused by NameResolutionError(""<urllib3.connection.HTTPSConnection object at 0x00000260D742E210>: Failed to resolve 'thearchipelago.civicweb.net' ([Errno 11001] getaddrinfo failed)""))",https://thearchipelago.civicweb.net/document/32100
THE BLUE MOUNTAINS TP,THE BLUE MOUNTAINS,2026-05-25,scanned_pdf,,https://pub-bluemountains.escribemeetings.com/FileStream.ashx?DocumentId=31515
THE NATION,THE NATION,2026-05-25,error,"HTTPSConnectionPool(host='nationmun.civicweb.net', port=443): Max retries exceeded with url: /document/55100 (Caused by NameResolutionError(""<urllib3.connection.HTTPSConnection object at 0x00000261941046D0>: Failed to resolve 'nationmun.civicweb.net' ([Errno 11001] getaddrinfo failed)""))",https://nationmun.civicweb.net/document/55100
THE NORTH SHORE TP,THE NORTH SHORE,2026-05-25,error,Response ended prematurely,https://townshipofthenorthshore.ca/documents/assets/uploads/files/en/2_-_april_28_agenda_tuesday.pdf
THESSALON TP,THESSALON,2026-05-25,scanned_pdf,,https://thessalon.ca/wp-content/uploads/2026/04/April-20-2026-Special-Meeting-Contents-Page.pdf
THORNLOE TP,THORNLOE,2026-05-25,error,"HTTPSConnectionPool(host='thornloe.ca', port=443): Max retries exceeded with url: /wp-content/uploads/2024/12/Minutes-Dec-04-2024.pdf (Caused by NameResolutionError(""<urllib3.connection.HTTPSConnection object at 0x00000261A9BEC090>: Failed to resolve 'thornloe.ca' ([Errno 11001] getaddrinfo failed)""))",https://thornloe.ca/wp-content/uploads/2024/12/Minutes-Dec-04-2024.pdf
THOROLD C,THOROLD,2026-05-25,scanned_html,,https://pub-thorold.escribemeetings.com/
THUNDER BAY C,THUNDER BAY,2026-05-25,scanned_pdf,,https://pub-thunderbay.escribemeetings.com/FileStream.ashx?DocumentId=11676
TILLSONBURG TP,TILLSONBURG,2026-05-25,scanned_pdf,,https://pub-tillsonburg.escribemeetings.com/FileStream.ashx?DocumentId=39831
THAMES CENTRE M,THAMES CENTRE,2026-05-25,scanned_html,,https://pub-thamescentre.escribemeetings.com/
TINY TP,TINY,2026-05-25,scanned_pdf,,https://www.tiny.ca/sites/default/files/2025-10/2026%20Council%20Meeting%20Schedule.pdf
TORONTO C,TORONTO,2026-05-25,scanned_pdf,,https://www.toronto.ca/legdocs/municode/1184_027.pdf
TRENT HILLS M,TRENT HILLS,2026-05-25,scanned_html,,https://trenthills.civicweb.net/Portal/
TRENT LAKES M,TRENT LAKES,2026-05-25,error,404 Client Error: Not Found for url: https://www.trentlakes.ca/en/government/resources/Documents/2025-Council-Committee-and-Board-Meeting-Calendar.pdf,https://www.trentlakes.ca/en/government/resources/Documents/2025-Council-Committee-and-Board-Meeting-Calendar.pdf
TUDOR AND CASHEL TP,TUDOR AND CASHEL,2026-05-25,scanned_html,,https://tudorandcashel.civicweb.net/Portal/
TWEED M,TWEED,2026-05-25,scanned_html,,https://tweed.civicweb.net/Portal/
TYENDINAGA TP,TYENDINAGA,2026-05-25,scanned_html,,https://zoom.us/download
UXBRIDGE TP,UXBRIDGE,2026-05-25,scanned_pdf,,https://www.uxbridge.ca/public/download/files/311425
VAL RITA HARTY TP,VAL RITA HARTY,2026-05-25,scanned_pdf,,https://valharty.ca/wp-content/uploads/2026/04/April-21-2026-Regular-Meeting-of-Council.pdf
VAUGHAN C,VAUGHAN,2026-05-25,error,404 Client Error: Not Found for url: https://pub-vaughan.escribemeetings.com/FileStream.ashx?DocumentId=223970,https://pub-vaughan.escribemeetings.com/FileStream.ashx?DocumentId=223970
WAINFLEET TP,WAINFLEET,2026-05-25,scanned_pdf,,https://www.wainfleet.ca/sites/24/files/2025-03/BL022-2023%20Council%20Procedure%20By-law%20AS%20AMENDED%20%282025%29.pdf
WARWICK TP,WARWICK,2026-05-25,scanned_html,,https://warwick.civicweb.net/Portal/
WASAGA BEACH TP,WASAGA BEACH,2026-05-25,scanned_pdf,,https://pub-wasagabeach.escribemeetings.com/FileStream.ashx?DocumentId=16012
WATERLOO C,WATERLOO,2026-05-25,error,404 Client Error: Not Found for url: https://www.regionofwaterloo.ca/en/regional-government/resources/Documents/How_to_Change_your_Browser_Preferences_so_it_uses_Acrobat_or_Reader_PDF_Viewer.pdf,https://www.regionofwaterloo.ca/en/regional-government/resources/Documents/How_to_Change_your_Browser_Preferences_so_it_uses_Acrobat_or_Reader_PDF_Viewer.pdf
WAWA M,WAWA,2026-05-25,scanned_pdf,,https://www.wawa.cc/media/og5d04rg/c00-2026-council-meeting-schedule-dates.pdf
WELLAND C,WELLAND,2026-05-25,scanned_pdf,,https://pub-welland.escribemeetings.com/FileStream.ashx?DocumentId=5527
WELLESLEY TP,WELLESLEY,2026-05-25,scanned_pdf,,https://www.wellesley.ca/media/2iipepkb/2026-council-meeting-schedule-revised-april-14-2026.pdf
WELLINGTON NORTH TP,WELLINGTON NORTH,2026-05-25,scanned_pdf,,https://www.wellington-north.com/sites/default/files/2026-02/2027%20Council%20Meeting%20Schedule_0.pdf
WEST ELGIN M,WEST ELGIN,2026-05-25,scanned_pdf,,https://www.westelgin.net/en/municipal-office/resources/Documents/Ward-map_0.pdf
WEST GREY M,WEST GREY,2026-05-25,scanned_pdf,,https://www.westgrey.com/media/vdekml0a/2026-council-calendar.pdf
WEST LINCOLN TP,WEST LINCOLN,2026-05-25,error,"HTTPSConnectionPool(host='westgrey.civicweb.net', port=443): Max retries exceeded with url: /Portal/ (Caused by NameResolutionError(""<urllib3.connection.HTTPSConnection object at 0x00000260EA699D10>: Failed to resolve 'westgrey.civicweb.net' ([Errno 11001] getaddrinfo failed)""))",https://westgrey.civicweb.net/Portal/
WEST NIPISSING M,WEST NIPISSING,2026-05-25,error,"HTTPSConnectionPool(host='westgrey.civicweb.net', port=443): Max retries exceeded with url: /Portal/ (Caused by NameResolutionError(""<urllib3.connection.HTTPSConnection object at 0x00000261BEA00C50>: Failed to resolve 'westgrey.civicweb.net' ([Errno 11001] getaddrinfo failed)""))",https://westgrey.civicweb.net/Portal/
WEST PERTH M,WEST PERTH,2026-05-25,error,"HTTPSConnectionPool(host='westgrey.civicweb.net', port=443): Max retries exceeded with url: /Portal/ (Caused by NameResolutionError(""<urllib3.connection.HTTPSConnection object at 0x00000261A42E9C90>: Failed to resolve 'westgrey.civicweb.net' ([Errno 11001] getaddrinfo failed)""))",https://westgrey.civicweb.net/Portal/
WESTPORT TP,WESTPORT,2026-05-25,error,"HTTPSConnectionPool(host='westgrey.civicweb.net', port=443): Max retries exceeded with url: /Portal/ (Caused by NameResolutionError(""<urllib3.connection.HTTPSConnection object at 0x00000261A42E87D0>: Failed to resolve 'westgrey.civicweb.net' ([Errno 11001] getaddrinfo failed)""))",https://westgrey.civicweb.net/Portal/
WHITBY TP,WHITBY,2026-05-25,scanned_pdf,,https://pub-whitby.escribemeetings.com/FileStream.ashx?DocumentId=42463
WHITCHURCH STOUFFVILLE TP,WHITCHURCH STOUFFVILLE,2026-05-25,error,"HTTPSConnectionPool(host='stclair.civicweb.net', port=443): Max retries exceeded with url: /Portal/ (Caused by NameResolutionError(""<urllib3.connection.HTTPSConnection object at 0x00000260E0743F50>: Failed to resolve 'stclair.civicweb.net' ([Errno 11001] getaddrinfo failed)""))",https://stclair.civicweb.net/Portal/
WHITE RIVER TP,WHITE RIVER,2026-05-25,scanned_pdf,,https://cdn.prod.website-files.com/5dbda997c2ce781a775497bd/6a08c601f7f39f63abd0bcd4_051826%20Agenda.pdf
WHITESTONE M,WHITESTONE,2026-05-25,scanned_html,,https://www.whitestone.ca/p/council-agendas-and-minutes#downloadOurApp
WHITEWATER REGION TP,WHITEWATER REGION,2026-05-25,scanned_html,,https://whitewaterregion.civicweb.net/Portal/
WILMOT TP,WILMOT,2026-05-25,scanned_pdf,,https://pub-wilmot.escribemeetings.com/FileStream.ashx?DocumentId=15718
WINDSOR C,WINDSOR,2026-05-25,scanned_pdf,,https://www.citywindsor.ca/documents/city-hall/city-council-meetings/Council-2026/2026Calendar.pdf
WOLLASTON TP,WOLLASTON,2026-05-25,error,"HTTPSConnectionPool(host='stclair.civicweb.net', port=443): Max retries exceeded with url: /Portal/ (Caused by NameResolutionError(""<urllib3.connection.HTTPSConnection object at 0x00000260D58D0F90>: Failed to resolve 'stclair.civicweb.net' ([Errno 11001] getaddrinfo failed)""))",https://stclair.civicweb.net/Portal/
WOODSTOCK C,WOODSTOCK,2026-05-25,error,404 Client Error: Not Found for url: https://www.cityofwoodstock.ca/en/resourcesGeneral/PDFs/Clerks/Bylaws/Council/Chapter-0016---Procedure.pdf,https://www.cityofwoodstock.ca/en/resourcesGeneral/PDFs/Clerks/Bylaws/Council/Chapter-0016---Procedure.pdf
WOOLWICH TP,WOOLWICH,2026-05-25,scanned_html,,https://pub-woolwich.escribemeetings.com/
ZORRA TP,ZORRA,2026-05-25,scanned_html,,https://zorra.civicweb.net/Portal/MeetingInformation.aspx?Id=1328
BRUCE,BRUCE,2026-05-25,scanned_pdf,,https://www.brucecounty.on.ca/sites/default/files/01.10.19_executive_committee_closed_agenda_0.pdf
COCHRANE,COCHRANE,2026-05-25,scanned_pdf,,https://cdsb.care/wp-content/uploads/2024/07/CDSSAB-Virtual-Board-Meeting-Policy.pdf
DURHAM,DURHAM,2026-05-25,scanned_pdf,,https://pub-durhamregion.escribemeetings.com/FileStream.ashx?DocumentId=10249
ELGIN,ELGIN,2026-05-25,scanned_pdf,,https://www.elgincounty.ca/wp-content/uploads/2026/02/26-05-Budget.pdf
ESSEX,ESSEX,2026-05-25,scanned_pdf,,https://www.essex.ca/media/ntho0src/proclamation-policy.pdf
FRONTENAC,County of Frontenac,2026-05-25,error,"HTTPSConnectionPool(host='frontenaccounty.civicweb.net', port=443): Max retries exceeded with url: /Portal/MeetingInformation.aspx?Id=1234 (Caused by NameResolutionError(""<urllib3.connection.HTTPSConnection object at 0x00000260BEFB0FD0>: Failed to resolve 'frontenaccounty.civicweb.net' ([Errno 11001] getaddrinfo failed)""))",https://frontenaccounty.civicweb.net/Portal/MeetingInformation.aspx?Id=1234
GREY,Grey County,2026-05-25,scanned_pdf,,https://pub-grey.escribemeetings.com/filestream.ashx?DocumentId=1000
HALTON,Halton Region,2026-05-25,scanned_html,,https://edmweb.halton.ca/OnBaseAgendaOnline/Documents/Downloadfile/Audit_Committee_Meeting_No._1-26_4625_Agenda_2026-05-13_9_30_00_AM.pdf?documentType=1&meetingId=4625
HASTINGS,Hastings County,2026-05-25,error,"HTTPSConnectionPool(host='stclair.civicweb.net', port=443): Max retries exceeded with url: /Portal/ (Caused by NameResolutionError(""<urllib3.connection.HTTPSConnection object at 0x0000026158265650>: Failed to resolve 'stclair.civicweb.net' ([Errno 11001] getaddrinfo failed)""))",https://stclair.civicweb.net/Portal/
HURON,Huron County,2026-05-25,scanned_pdf,,https://www.huroncounty.ca/wp-content/uploads/2024/12/2025-Council-Board-and-Committee-Schedule.pdf
KENORA,City of Kenora,2026-05-25,scanned_pdf,,https://www.kenora.ca/media/mzsmjwzn/council-meeting-calendar.pdf
LAMBTON,County of Lambton,2026-05-25,scanned_html,,https://calendar.lambtononline.ca/meetings/Detail/2025-12-03-0900-Council-Meeting/Minutes
LANARK,Lanark County,2026-05-25,scanned_pdf,,https://lanarkcounty.civicweb.net/document/148097/Closed%20Meeting%20Investigation%20Report%20-%20Lanark%20County%20(CSC).pdf
LEEDS AND GRENVILLE,United Counties of Leeds and Grenville,2026-05-25,scanned_pdf,,https://pub-uclg.escribemeetings.com:443/FileStream.ashx?DocumentId=11911
MUSKOKA,District Municipality of Muskoka,2026-05-25,scanned_html,,https://muskoka.civicweb.net/Portal/MeetingInformation.aspx?Id=3000
NIAGARA,Niagara Region,2026-05-25,scanned_html,,https://www.niagararegion.ca/government/council/minutes/default.aspx?t=1
NIPISSING,District of Nipissing,2026-05-25,scanned_pdf,,https://www.northbay.ca/media/tuwlgbs3/coa-agenda-may-26th-2026.pdf
NORTHUMBERLAND,Northumberland County,2026-05-25,scanned_pdf,,https://pub-northumberland.escribemeetings.com/FileStream.ashx?DocumentId=15756
OXFORD,Oxford County,2026-05-25,scanned_pdf,,https://pub-oxfordcounty.escribemeetings.com/FileStream.ashx?DocumentId=12874
PARRY SOUND,District of Parry Sound,2026-05-25,scanned_pdf,,https://www.parrysound.ca/media/qo1ptuiy/933a-rj-att1-2024-council-meeting-dates.pdf
PEEL,Region of Peel,2026-05-25,scanned_pdf,,https://peelregion.ca/sites/default/files/2024-06/conflicts-registry.pdf
PERTH,Perth County,2026-05-25,scanned_pdf,,https://www.perth.ca/media/krvd5yix/2026-council-_-committee-calendar.pdf
PETERBOROUGH,Peterborough County,2026-05-25,scanned_pdf,,https://pub-peterborough.escribemeetings.com/FileStream.ashx?DocumentId=42220
PRESCOTT AND RUSSELL,United Counties of Prescott and Russell,2026-05-25,error,404 Client Error: Not Found for url: https://www.prescott.ca/government/agendas-minutes/,https://prescott.ca/government/agendas-minutes/
RAINY RIVER,District of Rainy River,2026-05-25,scanned_pdf,,https://rrdssab.ca/wp-content/uploads/2026/05/May-Agenda-2026.pdf
RENFREW,County of Renfrew,2026-05-25,scanned_pdf,,https://www.countyofrenfrew.on.ca/en/county-government/resources/Documents/153-24-Procedure-By-lawFINALAccessible.pdf
SIMCOE,County of Simcoe,2026-05-25,scanned_pdf,,https://simcoe.ca/wp-content/uploads/2025/11/Procedure-By-law-No.-7151-25.pdf
SUDBURY,District of Sudbury,2026-05-25,scanned_pdf,,https://pub-greatersudbury.escribemeetings.com/FileStream.ashx?DocumentId=60302
THUNDER BAY,District of Thunder Bay,2026-05-25,scanned_pdf,,https://pub-thunderbay.escribemeetings.com/FileStream.ashx?DocumentId=11907
TIMISKAMING,District of Timiskaming,2026-05-25,scanned_pdf,,https://www.temiskamingshores.ca/media/y2mjzeqx/25-12-02-cow-minutes.pdf
WATERLOO,Region of Waterloo,2026-05-25,error,404 Client Error: Not Found for url: https://www.regionofwaterloo.ca/en/regional-government/resources/Documents/How_to_Change_your_Browser_Preferences_so_it_uses_Acrobat_or_Reader_PDF_Viewer.pdf,https://www.regionofwaterloo.ca/en/regional-government/resources/Documents/How_to_Change_your_Browser_Preferences_so_it_uses_Acrobat_or_Reader_PDF_Viewer.pdf
WELLINGTON,Wellington County,2026-05-25,error,404 Client Error: Not Found for url: https://pub-wellington.escribemeetings.com/filestream.ashx?DocumentId=1000,https://pub-wellington.escribemeetings.com/filestream.ashx?DocumentId=1000
YORK,York Region,2026-05-25,scanned_pdf,,https://yorkpublishing.escribemeetings.com/FileStream.ashx?DocumentId=50388
