Municipality,County / Upper Tier,Date Scanned,Keyword Found,Source URL
ADDINGTON HIGHLANDS,ADDINGTON HIGHLANDS,2026-04-15,ALTO,https://addingtonhighlands.civicweb.net/document/79653
ADDINGTON HIGHLANDS,ADDINGTON HIGHLANDS,2026-04-15,High-speed rail,https://addingtonhighlands.civicweb.net/document/79653 
CARLETON PLACE TP,Lanark,2026-04-15,ALTO,https://pub-carletonplace.escribemeetings.com/FileStream.ashx?DocumentId=16725 
CARLETON PLACE TP,Lanark,2026-04-15,High Speed Rail,https://pub-carletonplace.escribemeetings.com/FileStream.ashx?DocumentId=16725 
CARLETON PLACE TP,Lanark,2026-04-15,High-speed rail,https://pub-carletonplace.escribemeetings.com/FileStream.ashx?DocumentId=16725 
ENNISKILLEN TP,Lambton,2026-04-15,ALTO,https://www.enniskillen.ca/wp-content/uploads/2026/04/Agenda-Council-April-7-2026.pdf 
ENNISKILLEN TP,Lambton,2026-04-15,High Speed Rail,https://www.enniskillen.ca/wp-content/uploads/2026/04/Agenda-Council-April-7-2026.pdf 
GANANOQUE TP,Leeds and Grenville,2026-04-15,ALTO,https://s3.ca-central-1.amazonaws.com/gananoque.ca/s3fs-public/meetings/agendas/Minutes-Council-10-Unadopted-With Paperclip-08Apr2026.pdf 
GANANOQUE TP,Leeds and Grenville,2026-04-15,High-speed rail,https://s3.ca-central-1.amazonaws.com/gananoque.ca/s3fs-public/meetings/agendas/Minutes-Council-10-Unadopted-With Paperclip-08Apr2026.pdf 
GANANOQUE TP,Leeds and Grenville,2026-04-15,ALTO,https://s3.ca-central-1.amazonaws.com/gananoque.ca/s3fs-public/meetings/agendas/Minutes-Council-10-Unadopted-Without Paperclip-08Apr2026.pdf 
GANANOQUE TP,Leeds and Grenville,2026-04-15,High-speed rail,https://s3.ca-central-1.amazonaws.com/gananoque.ca/s3fs-public/meetings/agendas/Minutes-Council-10-Unadopted-Without Paperclip-08Apr2026.pdf 
GANANOQUE TP,Leeds and Grenville,2026-04-15,ALTO,https://s3.ca-central-1.amazonaws.com/gananoque.ca/s3fs-public/meetings/minutes/Minutes-Council-10-Unadopted-With Paperclip-08Apr2026_0.pdf 
GANANOQUE TP,Leeds and Grenville,2026-04-15,High-speed rail,https://s3.ca-central-1.amazonaws.com/gananoque.ca/s3fs-public/meetings/minutes/Minutes-Council-10-Unadopted-With Paperclip-08Apr2026_0.pdf 
GANANOQUE TP,Leeds and Grenville,2026-04-15,ALTO,https://s3.ca-central-1.amazonaws.com/gananoque.ca/s3fs-public/meetings/minutes/Minutes-Council-10-Unadopted-Without Paperclip-08Apr2026_0.pdf 
GANANOQUE TP,Leeds and Grenville,2026-04-15,High-speed rail,https://s3.ca-central-1.amazonaws.com/gananoque.ca/s3fs-public/meetings/minutes/Minutes-Council-10-Unadopted-Without Paperclip-08Apr2026_0.pdf 
MACHAR,Parry Sound,2026-04-15,ALTO,https://www.townshipofmachar.ca/uploads/agenda-apr-13-2026.pdf 
MACHAR,Parry Sound,2026-04-15,ALTO,https://www.townshipofmachar.ca/uploads/agenda-council-meeting-mar23-2026.pdf 
MACHAR,Parry Sound,2026-04-15,High Speed Rail,https://www.townshipofmachar.ca/uploads/agenda-council-meeting-mar23-2026.pdf 
MATTICE VAL COTE,MATTICE VAL COTE,2026-04-15,ALTO,https://www.matticevalcote.ca/en/_files/ugd/93a5a9_bb610be2bd0f4a1f9a60d2ec9b2fae45.pdf 
MATTICE VAL COTE,MATTICE VAL COTE,2026-04-15,High Speed Rail,https://www.matticevalcote.ca/en/_files/ugd/93a5a9_bb610be2bd0f4a1f9a60d2ec9b2fae45.pdf 
NORTH KAWARTHA,Peterborough,2026-04-15,ALTO,https://www.northkawartha.ca/your-local-government/council-meeting-information/council-and-committee-agenda-current/ 
NORTH KAWARTHA,Peterborough,2026-04-15,High-speed rail,https://www.northkawartha.ca/your-local-government/council-meeting-information/council-and-committee-agenda-current/ 
RIDEAU LAKES,Leeds and Grenville,2026-04-15,ALTO,https://pub-rideaulakes.escribemeetings.com/FileStream.ashx?DocumentId=14404 
CHAPLEAU TP,Sudbury,2026-04-15,ALTO,https://www.chapleau.ca/documents/dlview/?fileID=668&catID=0 
CHAPLEAU TP,Sudbury,2026-04-15,High Speed Rail,https://www.chapleau.ca/documents/dlview/?fileID=668&catID=0 
CHAPLEAU TP,Sudbury,2026-04-15,ALTO,https://www.chapleau.ca/documents/dl/?fileID=668&catID=0 
CHAPLEAU TP,Sudbury,2026-04-15,ALTO,https://www.chapleau.ca/documents/dlview/?fileID=667&catID=0 
CHAPLEAU TP,Sudbury,2026-04-15,High Speed Rail,https://www.chapleau.ca/documents/dlview/?fileID=667&catID=0 
BRUDENELL LYNDOCH AND RAGLAN,BRUDENELL LYNDOCH AND RAGLAN,2026-04-15,ALTO,https://blrtownship.ca/wp-content/uploads/2026/04/April-1st-2026-Regular-Agenda-Amended.pdf 
BRUDENELL LYNDOCH AND RAGLAN,BRUDENELL LYNDOCH AND RAGLAN,2026-04-15,High Speed Rail,https://blrtownship.ca/wp-content/uploads/2026/04/April-1st-2026-Regular-Agenda-Amended.pdf 
Northumberland County,Northumberland,2026-04-15,ALTO,https://pub-northumberland.escribemeetings.com/Meeting.aspx?Id=e72ab971-4c64-4702-af0a-e431342fec75&lang=English 
Northumberland County,Northumberland,2026-04-15,High Speed Rail,https://pub-northumberland.escribemeetings.com/Meeting.aspx?Id=e72ab971-4c64-4702-af0a-e431342fec75&lang=English 
Northumberland County,Northumberland,2026-04-15,High-speed rail,https://pub-northumberland.escribemeetings.com/Meeting.aspx?Id=e72ab971-4c64-4702-af0a-e431342fec75&lang=English 
Northumberland County,Northumberland,2026-04-15,ALTO,https://pub-northumberland.escribemeetings.com/FileStream.ashx?DocumentId=15597 
Northumberland County,Northumberland,2026-04-15,High Speed Rail,https://pub-northumberland.escribemeetings.com/FileStream.ashx?DocumentId=15597 
Northumberland County,Northumberland,2026-04-15,High-speed rail,https://pub-northumberland.escribemeetings.com/FileStream.ashx?DocumentId=15597 
